"date","close","volume","open","high","low"

"2019/03/22","188.9600","5685476.0000","192.6700","193.7100","187.7800"
"2019/03/21","194.5800","4031505.0000","192.9000","195.5500","191.7500"
"2019/03/20","194.3200","5026981.0000","200.3300","200.3300","193.9700"
"2019/03/19","201.1200","3265653.0000","204.8800","206.4500","200.7800"
"2019/03/18","202.4700","3354910.0000","199.1800","203.8500","198.9200"
"2019/03/15","198.2600","2985111.0000","197.1600","198.8500","196.8507"
"2019/03/14","197.4700","1482332.0000","197.3200","198.5000","196.7000"
"2019/03/13","197.2500","1887523.0000","197.7500","198.9300","196.5200"
"2019/03/12","196.6300","1976952.0000","196.0000","197.3976","195.6900"
"2019/03/11","195.9700","2663177.0000","197.2300","198.9700","195.7300"
"2019/03/08","195.2400","3162458.0000","190.4000","195.7650","189.7118"
"2019/03/07","192.7700","3567659.0000","193.1300","193.4500","190.0800"
"2019/03/06","194.7400","2246653.0000","195.9000","197.5634","194.5300"
"2019/03/05","196.0000","2317322.0000","195.8500","196.1800","193.0000"
"2019/03/04","195.9800","2683542.0000","198.8100","200.8300","194.1500"
"2019/03/01","198.2000","2515367.0000","198.7500","201.4400","197.4300"
"2019/02/28","196.7000","2963285.0000","198.0400","198.4000","196.0100"
"2019/02/27","198.1000","1804153.0000","198.5000","199.8900","197.1200"
"2019/02/26","198.9000","2497992.0000","198.4700","200.5600","196.5500"
"2019/02/25","198.6500","3030604.0000","198.0000","201.5000","197.7139"
"2019/02/22","196.0000","2626034.0000","196.6000","197.7500","195.2000"
"2019/02/21","196.3600","2766994.0000","198.9700","199.4500","195.0500"
"2019/02/20","198.6000","2265670.0000","198.7300","199.3000","197.5100"
"2019/02/19","198.6700","2550454.0000","196.6600","199.0600","195.6100"
"2019/02/15","198.5000","3061580.0000","193.2100","198.8899","193.1000"
"2019/02/14","192.5300","2864203.0000","192.2100","194.1300","189.4400"
"2019/02/13","194.6900","2751616.0000","195.9200","198.7800","194.6000"
"2019/02/12","194.4900","2391351.0000","193.0500","195.6500","193.0000"
"2019/02/11","191.3300","2056482.0000","192.8800","193.3200","191.0700"
"2019/02/08","191.6700","2757074.0000","191.7200","192.6200","188.2158"
"2019/02/07","193.0700","2939938.0000","195.2800","195.8800","191.0500"
"2019/02/06","196.6200","2063052.0000","197.1800","199.0600","195.8300"
"2019/02/05","198.0100","2601006.0000","198.1200","199.3250","196.8600"
"2019/02/04","197.7200","2393162.0000","195.8000","197.7600","194.7860"
"2019/02/01","196.5400","3142186.0000","198.0000","199.6400","196.5400"
"2019/01/31","198.0100","5602776.0000","200.1000","202.3500","196.9500"
"2019/01/30","202.4800","2771723.0000","200.9000","203.2900","199.6500"
"2019/01/29","200.5000","2690807.0000","199.0000","201.9700","197.8700"
"2019/01/28","199.7200","2360245.0000","197.9900","200.0700","197.1000"
"2019/01/25","200.7400","3274971.0000","199.8300","201.1900","199.4200"
"2019/01/24","197.8000","2631804.0000","196.2200","199.6800","195.7600"
"2019/01/23","196.9000","3409876.0000","197.5500","198.0900","194.5300"
"2019/01/22","197.6800","4642483.0000","200.5000","201.4700","195.9200"
"2019/01/18","202.5400","5553827.0000","200.3800","203.0000","196.9100"
"2019/01/17","199.0900","8159580.0000","195.9500","199.8000","192.8300"
"2019/01/16","197.0800","15135280.0000","187.0000","198.1500","185.6000"
"2019/01/15","179.9100","2905417.0000","178.3200","179.9900","176.4000"
"2019/01/14","178.7200","3351396.0000","174.5200","179.5400","174.1000"
"2019/01/11","176.9300","3181925.0000","175.1000","177.0400","172.4200"
"2019/01/10","176.0000","2805603.0000","175.6600","178.0700","175.5000"
"2019/01/09","176.4700","3321376.0000","176.1000","177.6900","174.9100"
"2019/01/08","175.3700","2671045.0000","177.7800","178.0999","172.9000"
"2019/01/07","176.0200","3118832.0000","175.2300","177.8250","172.2700"
"2019/01/04","175.0500","3779413.0000","172.9900","176.0000","171.1000"
"2019/01/03","169.5100","4046705.0000","170.6600","171.7700","168.2900"
"2019/01/02","172.0300","3988289.0000","164.3300","172.2500","163.3500"
"2018/12/31","167.0500","4547360.0000","163.7800","167.1200","163.7800"
"2018/12/28","163.0300","4108457.0000","165.6400","165.9500","162.0200"
"2018/12/27","165.4100","4962636.0000","160.1200","165.4100","159.0200"
"2018/12/26","162.9300","6989825.0000","157.0000","163.1100","151.7000"
"2018/12/24","156.3500","3783497.0000","159.0000","160.0000","154.3100"
"2018/12/21","160.0500","8956729.0000","168.2500","169.6300","159.4200"
"2018/12/20","168.4100","6479407.0000","168.3900","171.6500","167.1600"
"2018/12/19","169.2500","5313411.0000","171.5900","174.8500","167.6000"
"2018/12/18","171.5000","5122142.0000","169.7800","173.0200","169.3200"
"2018/12/17","168.0100","8351972.0000","169.4000","171.4300","166.5300"
"2018/12/14","172.7700","5073080.0000","174.3400","176.2600","172.3700"
"2018/12/13","175.9200","3930583.0000","177.8300","178.6900","175.1200"
"2018/12/12","176.7000","3645233.0000","178.5000","180.0000","176.4800"
"2018/12/11","176.8000","4628329.0000","182.1500","184.4300","175.4500"
"2018/12/10","178.8300","4527463.0000","178.6000","179.8400","174.6800"
"2018/12/07","179.6700","3919074.0000","183.8500","186.2500","179.0000"
"2018/12/06","184.0900","5257443.0000","181.3300","184.8800","180.1500"
"2018/12/04","184.3100","5792783.0000","190.6900","191.1100","183.6300"
"2018/12/03","191.6300","4014975.0000","194.0000","195.6600","191.6200"
"2018/11/30","190.6900","6206294.0000","190.5700","191.4500","188.1200"
"2018/11/29","194.8500","2660154.0000","196.0200","197.4500","193.1600"
"2018/11/28","198.3500","3762268.0000","194.8400","198.4500","192.2300"
"2018/11/27","193.6500","2344738.0000","193.4000","194.6200","191.5640"
"2018/11/26","194.3400","3139021.0000","191.1700","195.2300","190.6900"
"2018/11/23","189.1000","1862633.0000","191.6100","191.8700","188.9400"
"2018/11/21","192.6000","4110642.0000","192.0900","195.2400","191.1900"
"2018/11/20","191.3400","5510632.0000","195.1000","195.8900","190.3450"
"2018/11/19","198.2200","3417587.0000","201.8300","202.3000","197.3500"
"2018/11/16","202.1200","2827928.0000","202.9300","204.7442","200.3500"
"2018/11/15","203.7400","4258892.0000","201.8000","204.5000","199.3200"
"2018/11/14","202.4900","5730395.0000","206.2400","207.3400","198.4400"
"2018/11/13","205.0500","6962580.0000","204.4000","209.5858","202.3300"
"2018/11/12","206.0500","11012140.0000","222.0000","222.3100","205.1300"
"2018/11/09","222.6500","3719622.0000","231.6900","231.6900","222.3000"
"2018/11/08","231.6500","2404848.0000","231.0000","234.0600","230.6000"
"2018/11/07","231.2800","3514214.0000","230.0500","232.7958","226.9025"
"2018/11/06","228.2000","2275607.0000","228.1900","229.5200","227.0500"
"2018/11/05","228.7200","2565150.0000","228.3200","231.0950","226.9500"
"2018/11/02","229.6900","3696715.0000","230.0000","231.6900","226.2900"
"2018/11/01","226.9700","2552031.0000","225.7600","228.8800","225.4700"
"2018/10/31","225.3700","4367975.0000","221.8900","229.0000","221.4000"
"2018/10/30","219.2800","3894600.0000","215.9900","220.3500","215.0400"
"2018/10/29","214.4900","3278088.0000","214.1500","218.2100","212.0500"
"2018/10/26","212.3600","3552807.0000","210.7300","214.8000","209.5275"
"2018/10/25","214.0100","3170077.0000","211.2700","215.6900","210.3363"
"2018/10/24","209.1800","4150574.0000","218.1400","218.9300","208.4000"
"2018/10/23","218.5600","3317962.0000","216.5900","219.5236","214.3200"
"2018/10/22","221.6000","2735464.0000","226.9300","228.8700","221.5200"
"2018/10/19","226.9600","2758180.0000","225.2600","228.3000","224.1910"
"2018/10/18","224.9500","2990310.0000","227.5000","228.7300","223.8601"
"2018/10/17","228.2800","4952907.0000","220.5300","228.9000","220.0500"
"2018/10/16","221.7000","5922082.0000","219.3500","222.0000","216.3005"
"2018/10/15","215.2200","3332860.0000","214.4500","217.1400","213.0500"
"2018/10/12","213.8700","4159038.0000","217.0000","217.9800","211.4600"
"2018/10/11","212.9700","6214321.0000","214.2000","216.0300","210.9500"
"2018/10/10","214.8900","3923539.0000","223.2400","223.6400","214.5600"
"2018/10/09","222.9100","1862829.0000","224.9900","225.1200","222.5300"
"2018/10/08","225.3500","2522510.0000","224.2600","226.9170","222.5000"
"2018/10/05","225.7100","1722399.0000","228.0000","228.4100","224.2100"
"2018/10/04","227.4800","2903563.0000","229.2600","231.4000","225.3900"
"2018/10/03","227.7800","2573739.0000","227.7500","229.7700","226.5800"
"2018/10/02","226.0700","2272226.0000","225.2800","226.3300","223.9700"
"2018/10/01","225.3300","2451283.0000","226.2200","227.5900","225.0000"
"2018/09/28","224.2400","3096236.0000","225.7500","227.4000","223.8000"
"2018/09/27","227.7400","2450842.0000","228.7700","229.8500","227.5200"
"2018/09/26","228.8800","2370204.0000","232.9600","233.0000","228.2400"
"2018/09/25","232.5000","2003248.0000","234.6400","234.6400","232.2250"
"2018/09/24","232.9000","2056334.0000","234.7400","235.7400","232.2400"
"2018/09/21","235.3400","3759794.0000","238.0600","238.5200","234.8300"
"2018/09/20","237.4000","2501636.0000","237.0000","238.5100","236.0300"
"2018/09/19","235.5800","3715088.0000","229.9000","236.2800","229.5200"
"2018/09/18","228.8900","2496282.0000","228.3500","229.4000","226.5700"
"2018/09/17","227.8900","1917774.0000","229.4000","230.1600","227.3000"
"2018/09/14","229.2400","2174722.0000","229.0800","230.5500","228.7600"
"2018/09/13","228.3300","2997423.0000","229.5000","229.8500","227.5700"
"2018/09/12","228.1500","3576517.0000","230.9100","231.9900","227.3017"
"2018/09/11","230.2100","2719422.0000","230.6700","231.6500","228.6600"
"2018/09/10","231.9100","1947771.0000","235.0100","235.5000","231.7400"
"2018/09/07","233.9100","1952820.0000","235.0500","235.6400","232.6800"
"2018/09/06","234.5200","2651375.0000","237.0000","238.6300","233.8800"
"2018/09/05","237.5600","2091991.0000","237.0100","239.4497","236.1700"
"2018/09/04","237.6600","2083423.0000","237.7600","238.1200","234.5900"
"2018/08/31","237.8100","1965271.0000","238.9400","239.3500","237.1200"
"2018/08/30","239.4000","1963697.0000","240.8000","241.1200","238.6800"
"2018/08/29","241.4000","1911601.0000","242.0500","242.7900","240.3100"
"2018/08/28","242.3700","2950916.0000","243.0600","245.0800","241.5900"
"2018/08/27","242.6000","4105355.0000","236.9900","243.6500","236.5600"
"2018/08/24","235.1100","1948096.0000","237.3600","237.8000","234.7000"
"2018/08/23","236.3400","2064737.0000","239.0500","239.2800","235.8400"
"2018/08/22","239.3400","1870840.0000","237.8900","239.6700","237.5800"
"2018/08/21","238.6500","2433182.0000","235.2900","239.5300","235.2900"
"2018/08/20","235.7800","2604859.0000","234.1300","235.9750","234.0750"
"2018/08/17","233.3800","2107175.0000","232.5100","233.7200","231.6400"
"2018/08/16","233.0000","2435844.0000","230.6700","233.2900","230.4500"
"2018/08/15","229.2500","3218434.0000","229.3500","231.5400","228.3100"
"2018/08/14","229.5600","2355535.0000","227.3500","230.3700","227.3000"
"2018/08/13","226.8600","2662652.0000","229.4900","229.8900","226.5700"
"2018/08/10","229.6100","3862371.0000","230.9700","231.4550","228.1100"
"2018/08/09","233.7800","2951918.0000","236.3500","236.8450","233.3900"
"2018/08/08","236.3700","2522203.0000","238.1200","239.1600","236.2300"
"2018/08/07","237.8300","2399530.0000","237.2500","239.4600","236.4900"
"2018/08/06","235.9300","2259594.0000","234.1400","236.9800","234.0300"
"2018/08/03","234.0900","3053060.0000","234.4400","235.5200","233.4900"
"2018/08/02","233.9900","2579701.0000","233.9300","235.2100","232.7700"
"2018/08/01","236.0400","2510502.0000","238.5000","239.4000","235.7800"
"2018/07/31","237.4300","2503693.0000","239.5000","239.5000","236.5500"
"2018/07/30","238.9500","2454099.0000","238.0000","239.7300","236.8900"
"2018/07/27","237.6400","1998179.0000","237.9600","238.8000","235.9900"
"2018/07/26","237.1100","1884749.0000","237.0000","238.3350","236.4300"
"2018/07/25","236.6900","2176071.0000","235.0100","236.8500","233.9500"
"2018/07/24","235.8800","2887267.0000","234.7500","237.4800","234.3400"
"2018/07/23","233.7600","2788420.0000","231.8000","234.8600","231.7200"
"2018/07/20","231.6900","2683069.0000","229.0100","232.0500","228.8000"
"2018/07/19","229.6300","4638340.0000","231.1100","231.9900","228.9800"
"2018/07/18","231.2400","6146231.0000","232.3400","233.7200","230.1500"
"2018/07/17","231.0200","9276300.0000","231.4800","233.2300","226.8700"
"2018/07/16","231.4400","3266628.0000","227.2000","231.4400","226.7400"
"2018/07/13","226.4100","2541475.0000","226.6300","228.6200","223.9300"
"2018/07/12","227.2200","2221049.0000","227.6400","227.8000","225.7701"
"2018/07/11","225.6600","2525801.0000","225.7600","227.2500","225.2000"
"2018/07/10","226.8500","2522405.0000","228.0000","228.8700","225.8486"
"2018/07/09","227.9900","2741739.0000","223.3600","228.2000","223.0000"
"2018/07/06","221.7900","1846228.0000","220.5400","223.2000","219.8800"
"2018/07/05","220.7400","2212607.0000","221.5000","222.1400","219.7800"
"2018/07/03","220.3800","1204376.0000","224.4600","224.6400","219.9900"
"2018/07/02","223.2600","1720035.0000","219.7500","223.3400","218.8901"
"2018/06/29","220.5700","3393555.0000","224.4000","225.1700","220.4500"
"2018/06/28","223.4200","3067355.0000","220.2500","224.6600","219.5800"
"2018/06/27","220.1800","3100957.0000","221.4800","225.4700","220.1400"
"2018/06/26","221.5800","2690340.0000","221.7800","222.8000","219.1204"
"2018/06/25","221.5400","3817262.0000","224.5000","225.1352","220.3900"
"2018/06/22","226.0200","2891148.0000","227.7800","230.4999","225.5800"
"2018/06/21","226.9800","3093935.0000","226.3900","228.4300","224.5686"
"2018/06/20","227.8200","2676747.0000","229.9200","229.9400","226.9618"
"2018/06/19","228.3200","3323671.0000","228.2200","229.0400","226.1603"
"2018/06/18","231.3900","2321684.0000","230.2000","231.6700","229.1500"
"2018/06/15","231.9200","4735816.0000","231.5000","233.1500","229.8400"
"2018/06/14","233.6500","2894997.0000","235.8700","235.8900","232.5900"
"2018/06/13","233.8300","3629283.0000","233.6500","238.2300","233.1000"
"2018/06/12","232.6300","2079369.0000","234.1200","235.2300","231.8600"
"2018/06/11","234.0900","1893345.0000","234.6200","235.1600","233.5850"
"2018/06/08","233.3900","2252861.0000","233.0000","234.2699","232.3500"
"2018/06/07","233.4500","2904601.0000","233.8900","235.9200","232.5400"
"2018/06/06","232.2300","2564433.0000","229.8500","232.5800","229.3600"
"2018/06/05","228.3400","1984388.0000","228.9400","229.3400","227.2900"
"2018/06/04","229.8900","2130364.0000","230.3500","231.1500","228.9500"
"2018/06/01","228.3500","3328574.0000","228.4000","230.2500","228.0900"
"2018/05/31","225.8800","5333745.0000","227.3400","228.1100","224.0900"
"2018/05/30","229.1600","3347306.0000","228.9400","229.6660","226.2800"
"2018/05/29","227.0300","5314463.0000","231.5200","232.4700","225.0200"
"2018/05/25","235.0100","1984327.0000","235.0000","236.1200","234.2800"
"2018/05/24","236.1000","2305727.0000","236.6000","237.1700","233.6500"
"2018/05/23","237.8100","3109972.0000","236.8800","237.8700","234.3800"
"2018/05/22","238.0000","2545518.0000","238.7000","240.6990","237.9800"
"2018/05/21","237.7000","1951671.0000","239.1000","240.0700","237.3200"
"2018/05/18","237.0000","2697957.0000","238.1000","238.7400","236.8700"
"2018/05/17","239.1000","2425789.0000","240.4200","242.4400","238.7800"
"2018/05/16","240.9600","1964294.0000","241.2700","241.8400","240.5900"
"2018/05/15","241.5600","2165485.0000","243.0000","243.9500","240.6700"
"2018/05/14","243.9100","1927123.0000","243.6000","245.8800","243.5000"
"2018/05/11","242.9200","1537955.0000","243.4400","244.9100","241.7100"
"2018/05/10","243.4400","2596208.0000","242.1100","245.4200","240.1644"
"2018/05/09","241.7300","2432665.0000","237.9800","242.0500","237.2480"
"2018/05/08","237.0000","3264436.0000","238.2400","240.6600","236.0000"
"2018/05/07","237.2000","1984098.0000","236.0000","238.1699","235.2750"
"2018/05/04","234.9400","2621722.0000","232.3100","236.7900","232.2800"
"2018/05/03","233.4100","4509223.0000","232.4500","234.0000","227.4000"
"2018/05/02","234.0500","3705924.0000","236.6000","237.9050","233.4200"
"2018/05/01","236.6700","3268356.0000","237.5100","237.9000","233.9600"
"2018/04/30","238.3300","2788499.0000","240.9700","243.0700","238.2200"
"2018/04/27","239.8000","2136274.0000","240.0000","241.9289","239.0200"
"2018/04/26","240.0900","2885285.0000","239.2700","241.6600","238.0100"
"2018/04/25","239.2300","5036722.0000","242.1900","242.4617","237.5100"
"2018/04/24","242.4900","4701643.0000","248.8200","249.1500","240.0400"
"2018/04/23","246.6700","3774315.0000","251.6600","252.7500","246.1900"
"2018/04/20","251.9600","2929537.0000","254.1000","255.6800","251.4800"
"2018/04/19","254.1700","3874607.0000","254.0000","256.1600","252.8300"
"2018/04/18","254.0000","4487484.0000","254.9000","257.0200","252.2500"
"2018/04/17","253.6300","10127070.0000","261.6000","262.2500","252.3400"
"2018/04/16","257.8800","3245159.0000","257.1300","260.6600","256.6600"
"2018/04/13","255.9200","3022666.0000","261.9400","262.4990","254.5400"
"2018/04/12","259.5900","3054577.0000","256.2700","260.7300","255.1100"
"2018/04/11","252.9400","3319968.0000","252.5900","254.8300","249.7900"
"2018/04/10","256.5700","3309025.0000","257.9600","259.8900","255.9500"
"2018/04/09","252.1900","3254065.0000","251.4800","257.5000","249.1700"
"2018/04/06","249.9700","3620915.0000","251.4800","255.3400","246.6800"
"2018/04/05","255.8100","1924163.0000","254.5000","258.0000","253.4000"
"2018/04/04","252.6200","2851252.0000","245.7100","253.2200","244.5110"
"2018/04/03","250.5800","2487961.0000","248.6100","250.8900","245.9000"
"2018/04/02","247.3500","3428945.0000","251.2600","252.6000","243.7700"
"2018/03/29","251.8600","3069460.0000","250.7900","252.9800","248.3300"
"2018/03/28","249.3700","2659792.0000","248.7800","251.2300","244.3700"
"2018/03/27","247.2600","2978055.0000","255.8900","257.0600","245.6100"
"2018/03/26","254.8800","3782618.0000","250.6500","255.3600","248.4500"
"2018/03/23","245.2600","3633357.0000","253.6300","254.9540","244.9300"
"2018/03/22","252.6000","4187121.0000","258.4200","260.8200","252.1800"
"2018/03/21","261.8500","2815860.0000","263.0100","266.4900","260.3100"
"2018/03/20","263.1900","1513640.0000","263.2900","264.6400","261.8873"
"2018/03/19","262.5300","2423770.0000","266.9900","267.5000","259.4700"
"2018/03/16","267.6000","4097018.0000","266.0100","269.8500","265.3300"
"2018/03/15","266.6100","2247198.0000","265.7200","269.0000","265.3500"
"2018/03/14","264.4300","2476355.0000","270.4000","270.7800","263.9110"
"2018/03/13","268.5300","2279624.0000","274.3400","275.0300","267.4400"
"2018/03/12","273.3800","3065270.0000","271.0000","275.3100","270.7700"
"2018/03/09","270.7700","4410199.0000","268.7000","271.0900","267.0400"
"2018/03/08","266.3400","2471987.0000","266.4800","268.1000","262.6300"
"2018/03/07","265.3500","2508730.0000","262.6900","266.4300","260.9455"
"2018/03/06","266.9300","2203671.0000","264.7700","267.8700","263.2100"
"2018/03/05","263.1200","2445615.0000","256.4600","264.5500","256.2400"
"2018/03/02","258.1200","3121552.0000","255.0000","259.2400","252.1000"
"2018/03/01","256.7800","3481504.0000","262.6100","263.5500","256.2010"
"2018/02/28","262.9300","3102962.0000","269.1400","269.4900","262.5700"
"2018/02/27","267.9300","3137474.0000","271.0000","273.1200","267.9300"
"2018/02/26","271.2600","2748185.0000","267.5000","271.7800","266.7700"
"2018/02/23","266.7700","2506662.0000","263.0000","266.9800","262.4000"
"2018/02/22","261.4300","2678612.0000","264.4000","266.3200","260.7200"
"2018/02/21","263.4000","3016651.0000","263.9200","270.0000","263.1300"
"2018/02/20","264.8900","2618248.0000","266.8900","268.8500","263.3100"
"2018/02/16","267.6200","2600591.0000","265.9900","269.2800","265.9000"
"2018/02/15","267.6800","3521816.0000","265.7600","268.0000","262.9100"
"2018/02/14","262.5800","3793060.0000","255.0000","262.7100","254.4770"
"2018/02/13","255.5300","2700378.0000","252.0100","256.4000","250.5800"
"2018/02/12","253.1600","3690771.0000","251.1500","256.1500","248.8200"
"2018/02/09","249.3000","5976710.0000","249.6200","251.6700","239.2900"
"2018/02/08","246.3500","4160830.0000","257.9300","258.7800","246.0500"
"2018/02/07","257.1000","4122068.0000","255.9000","261.9500","255.6600"
"2018/02/06","258.7000","6736005.0000","244.2100","258.7500","242.1100"
"2018/02/05","249.1100","6497212.0000","257.5100","263.3000","241.5000"
"2018/02/02","260.0400","5903581.0000","270.0000","271.7500","259.3500"
"2018/02/01","272.2300","3386784.0000","266.1500","272.5900","266.0010"
"2018/01/31","267.8900","3707270.0000","268.5500","270.0000","266.3300"
"2018/01/30","268.9400","3969747.0000","270.3900","272.0000","267.1110"
"2018/01/29","272.4800","3879719.0000","269.0400","273.7900","268.8100"
"2018/01/26","268.1400","3535210.0000","267.4900","269.0000","266.0500"
"2018/01/25","269.0300","5053821.0000","266.3500","270.5000","265.0100"
"2018/01/24","265.6800","4312934.0000","260.7400","265.7800","260.3000"
"2018/01/23","260.0900","4002711.0000","258.0000","260.2600","256.8500"
"2018/01/22","261.5200","5261647.0000","255.4500","262.8699","255.1900"
"2018/01/19","256.1200","4635359.0000","251.0000","256.1400","250.2600"
"2018/01/18","250.9700","4969405.0000","254.4900","254.5400","250.6000"
"2018/01/17","253.6500","8602522.0000","260.9800","262.0000","248.8364"
"2018/01/16","258.4600","4441126.0000","259.2500","261.7700","256.3958"
"2018/01/12","257.0300","2848274.0000","255.7500","257.3000","254.0900"
"2018/01/11","255.1300","2421349.0000","255.7500","255.8900","252.9700"
"2018/01/10","254.3300","2923753.0000","255.0000","255.1500","252.3500"
"2018/01/09","253.9400","2637306.0000","252.8000","255.5988","252.6200"
"2018/01/08","251.8100","2938422.0000","254.7500","255.1800","251.6200"
"2018/01/05","255.5200","2592164.0000","257.1800","257.4900","253.6910"
"2018/01/04","256.8300","2579897.0000","255.2300","259.7200","254.3200"
"2018/01/03","253.2900","2987355.0000","255.4800","256.1400","253.2200"
"2018/01/02","255.6700","2257454.0000","257.7700","257.9100","253.9200"
"2017/12/29","254.7600","2516904.0000","255.8700","256.6499","252.9100"
"2017/12/28","256.5000","1301060.0000","256.9800","257.0000","255.1000"
"2017/12/27","255.9500","1567105.0000","257.9800","257.9800","255.5200"
"2017/12/26","257.7200","1288330.0000","258.1900","259.2000","256.0000"
"2017/12/22","258.9700","2096161.0000","261.6600","262.1363","257.7200"
"2017/12/21","261.0100","3336734.0000","256.6100","262.0900","256.2800"
"2017/12/20","255.1800","2048344.0000","258.8700","259.0900","254.5500"
"2017/12/19","256.4800","2194522.0000","261.6000","261.8000","256.1800"
"2017/12/18","260.0200","2574733.0000","260.0000","262.0000","259.1600"
"2017/12/15","257.1700","5280162.0000","256.7000","258.9700","254.7600"
"2017/12/14","255.4800","2522361.0000","257.1300","259.5500","255.4800"
"2017/12/13","255.5600","3481681.0000","257.8100","260.5000","255.5600"
"2017/12/12","257.6800","3454077.0000","250.8100","258.2000","250.6850"
"2017/12/11","250.1300","1492075.0000","250.0000","251.4000","248.7600"
"2017/12/08","250.3500","1958354.0000","250.5000","250.6800","247.2000"
"2017/12/07","248.5600","2664039.0000","244.6200","249.4800","244.4000"
"2017/12/06","245.9500","2329658.0000","247.2300","248.0750","245.1300"
"2017/12/05","248.3300","2524444.0000","250.8000","251.3500","247.4100"
"2017/12/04","250.6500","3305375.0000","254.8900","254.9000","250.0100"
"2017/12/01","248.9500","4761954.0000","249.7800","250.6800","244.0100"
"2017/11/30","247.6400","6361804.0000","244.0700","250.7900","244.0000"
"2017/11/29","241.3600","4495447.0000","241.2500","244.4700","240.4000"
"2017/11/28","239.4100","3206217.0000","236.0900","240.0000","234.3300"
"2017/11/27","235.1100","1999606.0000","235.7500","236.8800","234.8000"
"2017/11/24","235.9500","1268608.0000","237.4200","238.5600","235.5500"
"2017/11/22","236.4300","2177079.0000","237.9400","238.9500","236.3600"
"2017/11/21","238.0200","2223813.0000","239.4100","239.5900","237.5400"
"2017/11/20","238.1300","1990413.0000","238.7800","238.7800","237.1100"
"2017/11/17","238.0200","2826039.0000","238.8600","239.0800","237.1200"
"2017/11/16","239.3700","2304166.0000","238.3800","240.6900","238.2000"
"2017/11/15","237.6100","2507762.0000","234.9700","238.1500","233.5500"
"2017/11/14","237.2400","2999664.0000","239.6500","240.8800","235.6300"
"2017/11/13","240.2700","1953911.0000","237.9700","240.9000","237.1600"
"2017/11/10","240.1500","1842474.0000","241.6900","243.3200","240.0000"
"2017/11/09","240.7900","2122505.0000","239.5100","242.3670","237.8400"
"2017/11/08","241.2500","2349422.0000","239.2000","242.3200","237.5500"
"2017/11/07","239.8100","2435043.0000","243.9100","244.9800","238.8400"
"2017/11/06","243.4900","1733754.0000","243.5000","244.5790","241.6700"
"2017/11/03","244.4000","1954148.0000","245.3700","246.2800","243.1900"
"2017/11/02","246.8800","2502706.0000","244.6900","247.7400","243.3800"
"2017/11/01","244.2600","2968697.0000","243.8900","247.4000","242.9100"
"2017/10/31","242.4800","2657481.0000","240.6800","244.1800","240.6300"
"2017/10/30","240.8900","1764411.0000","240.1000","242.5900","239.5300"
"2017/10/27","241.7100","2111622.0000","240.8500","242.4400","239.6700"
"2017/10/26","241.7200","1948651.0000","242.6100","244.0000","241.5300"
"2017/10/25","241.7100","2903312.0000","246.1600","246.5000","240.8000"
"2017/10/24","244.8400","2274615.0000","243.6000","246.2500","243.0000"
"2017/10/23","242.1300","1963137.0000","244.3900","245.3300","241.3810"
"2017/10/20","244.7300","3021417.0000","242.9500","245.2500","240.6700"
"2017/10/19","239.9900","2710264.0000","240.3500","240.9900","238.1000"
"2017/10/18","242.0300","4235069.0000","236.8700","242.6500","236.8700"
"2017/10/17","236.0900","7080866.0000","244.4400","244.8900","235.1900"
"2017/10/16","242.4100","2959631.0000","238.6000","242.7600","238.3500"
"2017/10/13","238.5300","2488275.0000","239.0000","239.4500","236.8400"
"2017/10/12","239.8000","2166468.0000","242.3300","243.4200","238.7500"
"2017/10/11","242.4000","2175114.0000","242.0000","243.2000","241.3500"
"2017/10/10","242.6000","2185996.0000","242.8000","243.7300","241.7000"
"2017/10/09","242.8000","2164468.0000","245.1500","246.3500","242.0200"
"2017/10/06","246.0200","2388838.0000","246.3000","247.0750","244.6100"
"2017/10/05","246.0600","3518555.0000","241.0000","246.3200","240.1200"
"2017/10/04","240.3100","1839528.0000","241.6200","242.8800","240.1203"
"2017/10/03","241.6200","2010765.0000","241.0700","242.7100","239.6900"
"2017/10/02","240.6500","2500928.0000","237.2000","241.0996","237.1000"
"2017/09/29","237.1900","1902308.0000","235.0100","237.6000","234.5700"
"2017/09/28","235.4700","2121841.0000","235.0000","236.2000","233.5000"
"2017/09/27","234.7600","3054758.0000","234.0700","235.6000","232.9100"
"2017/09/26","229.9400","1768406.0000","230.8600","231.4400","229.0300"
"2017/09/25","230.2600","2042371.0000","230.7700","231.8600","228.3552"
"2017/09/22","231.0300","1861627.0000","230.6400","231.4900","228.8800"
"2017/09/21","231.2900","1797104.0000","229.8900","232.1000","229.4000"
"2017/09/20","229.7900","2673805.0000","229.5000","231.6500","228.5000"
"2017/09/19","228.9100","1857059.0000","228.0100","230.1356","227.3300"
"2017/09/18","227.5300","2464996.0000","226.3000","229.0000","225.6600"
"2017/09/15","225.2200","4362109.0000","227.1500","227.2100","223.8200"
"2017/09/14","226.8500","1984552.0000","226.1000","228.1000","226.0500"
"2017/09/13","226.5600","2382769.0000","225.2500","227.1400","224.7200"
"2017/09/12","225.9500","3745669.0000","222.5400","227.6900","222.0200"
"2017/09/11","221.0600","2971297.0000","220.0700","221.8900","218.9900"
"2017/09/08","217.2100","3120355.0000","215.5100","219.2800","215.4000"
"2017/09/07","215.8400","3592158.0000","218.7300","218.8100","214.6400"
"2017/09/06","218.8300","3612489.0000","218.9800","221.0200","217.6100"
"2017/09/05","217.7800","5647873.0000","223.8500","224.0000","217.3000"
"2017/09/01","225.8800","2346705.0000","224.5500","227.5600","223.5300"
"2017/08/31","223.7400","2240411.0000","223.2500","224.4900","222.5800"
"2017/08/30","222.4200","2407676.0000","220.2500","224.2200","220.0900"
"2017/08/29","219.9600","2368693.0000","217.2700","220.1302","215.7500"
"2017/08/28","220.3500","2638709.0000","222.9100","223.0850","218.8600"
"2017/08/25","222.4700","2231519.0000","223.6400","224.9489","222.1300"
"2017/08/24","222.9900","2262978.0000","223.7700","224.5650","222.5900"
"2017/08/23","222.7400","2566895.0000","221.9000","224.8100","221.3300"
"2017/08/22","223.5800","2020867.0000","221.8600","223.7800","221.3300"
"2017/08/21","220.7900","2133176.0000","222.4000","222.4000","219.2100"
"2017/08/18","222.1500","3148523.0000","220.7900","224.0910","220.5500"
"2017/08/17","221.4200","3411516.0000","224.3800","225.9800","221.1100"
"2017/08/16","225.6100","2392890.0000","228.2600","229.0100","225.0000"
"2017/08/15","227.5900","1866063.0000","229.5700","230.6100","227.5000"
"2017/08/14","227.3600","2265309.0000","226.3700","229.8300","226.2966"
"2017/08/11","224.1500","2956501.0000","225.0700","226.6799","222.6500"
"2017/08/10","225.5000","3259470.0000","229.0200","229.4540","225.4656"
"2017/08/09","231.0100","2570403.0000","230.3200","231.4900","229.0600"
"2017/08/08","232.0500","3320249.0000","232.4000","235.8300","231.7000"
"2017/08/07","232.9200","3806182.0000","229.8000","233.1300","229.2900"
"2017/08/04","229.7900","3399353.0000","226.0500","229.7900","225.0600"
"2017/08/03","223.9900","2106079.0000","226.0000","226.7400","223.9700"
"2017/08/02","226.2700","1863150.0000","226.4000","227.7300","225.5700"
"2017/08/01","227.0000","2974350.0000","227.0900","228.6200","226.7300"
"2017/07/31","225.3300","1998143.0000","223.9500","225.5000","223.0500"
"2017/07/28","223.6100","2483133.0000","221.7700","223.6700","220.8600"
"2017/07/27","221.4800","2812474.0000","221.8400","222.7100","220.4300"
"2017/07/26","222.2500","2792257.0000","222.4500","223.7400","221.8700"
"2017/07/25","221.5800","3506870.0000","220.3400","222.8725","220.1800"
"2017/07/24","218.1800","3165112.0000","218.9400","219.7267","218.0000"
"2017/07/21","220.1800","3446340.0000","221.8900","222.3100","219.0900"
"2017/07/20","222.3000","3491035.0000","223.0000","224.7555","221.6100"
"2017/07/19","222.8700","4882429.0000","222.9100","224.2000","221.6700"
"2017/07/18","223.3100","6397034.0000","227.5000","230.3600","222.7600"
"2017/07/17","229.2600","2544956.0000","228.7300","229.6397","227.2100"
"2017/07/14","228.6000","3698815.0000","227.2200","229.6100","225.1000"
"2017/07/13","230.4000","2846901.0000","227.3900","230.6400","226.9500"
"2017/07/12","227.3900","2566076.0000","226.4000","229.0200","226.0700"
"2017/07/11","226.9500","2742720.0000","226.0400","227.9500","224.6700"
"2017/07/10","225.8400","2357261.0000","224.2700","227.3400","223.9600"
"2017/07/07","225.2800","2664349.0000","228.2300","228.4898","224.4200"
"2017/07/06","226.6900","3076003.0000","227.9700","230.0600","225.2500"
"2017/07/05","228.0400","2769964.0000","228.3800","228.9200","225.2100"
"2017/07/03","227.2800","2846554.0000","224.4600","229.0700","223.4200"
"2017/06/30","221.9000","3148312.0000","225.3100","226.0500","221.5400"
"2017/06/29","224.4100","5058715.0000","228.3700","228.7900","223.0300"
"2017/06/28","223.2200","3470069.0000","221.8700","224.6300","220.7500"
"2017/06/27","220.2800","2896558.0000","221.8400","222.4100","219.5600"
"2017/06/26","220.4400","2587168.0000","218.2600","221.9700","217.6963"
"2017/06/23","217.1900","4445478.0000","220.5000","220.6900","216.4600"
"2017/06/22","219.7700","3342096.0000","221.4400","221.9000","219.2900"
"2017/06/21","222.4900","3009840.0000","224.5400","224.9300","221.9328"
"2017/06/20","225.1000","2263934.0000","225.5100","226.5399","224.1900"
"2017/06/19","226.1300","2805101.0000","223.4300","227.0400","223.1100"
"2017/06/16","221.8100","3754099.0000","222.6500","223.6700","221.1301"
"2017/06/15","223.2300","3377750.0000","224.8100","226.3500","222.8000"
"2017/06/14","226.5100","3639121.0000","222.9900","226.9400","221.7600"
"2017/06/13","224.2000","2759943.0000","223.3500","226.8000","222.7700"
"2017/06/12","221.9100","3380799.0000","223.6300","225.2300","219.6500"
"2017/06/09","222.4400","4447062.0000","220.8300","223.8500","219.7500"
"2017/06/08","218.7600","3757591.0000","215.5600","221.0000","214.6300"
"2017/06/07","215.7800","2677972.0000","215.3700","217.2300","214.3100"
"2017/06/06","214.5300","2890862.0000","212.5100","216.0200","212.4800"
"2017/06/05","213.9900","2696394.0000","213.0800","215.8100","212.6800"
"2017/06/02","213.3100","3689028.0000","212.9400","215.2100","211.9100"
"2017/06/01","215.0100","4049627.0000","212.6100","215.9300","210.7900"
"2017/05/31","211.2600","8321871.0000","218.2400","218.3000","209.6200"
"2017/05/30","218.4200","3093710.0000","221.8300","222.4400","218.0100"
"2017/05/26","223.5300","1781571.0000","222.0100","224.2300","221.1800"
"2017/05/25","222.4700","2639113.0000","224.4100","225.4500","222.3000"
"2017/05/24","223.8300","4155524.0000","220.0000","224.4000","219.4500"
"2017/05/23","219.6400","3305049.0000","215.9700","220.7900","214.6600"
"2017/05/22","216.0200","2501171.0000","217.3700","217.6400","215.4000"
"2017/05/19","215.3900","3741716.0000","214.8700","217.8000","214.0000"
"2017/05/18","215.1600","4788912.0000","214.0000","217.6100","213.8600"
"2017/05/17","213.7200","7513813.0000","221.7300","222.1600","213.1200"
"2017/05/16","225.6000","1708265.0000","225.4400","226.8200","224.4100"
"2017/05/15","225.1200","2455628.0000","223.1300","226.5700","222.8500"
"2017/05/12","222.8200","2162017.0000","223.4900","224.4900","222.4800"
"2017/05/11","224.7600","2440310.0000","224.3500","225.0900","222.1500"
"2017/05/10","224.8800","2628653.0000","223.4600","225.3500","223.0600"
"2017/05/09","223.7600","2144629.0000","225.4700","226.5650","222.9300"
"2017/05/08","225.0300","2316639.0000","226.7500","227.3400","224.6000"
"2017/05/05","226.8700","2435818.0000","226.8800","227.4711","225.3000"
"2017/05/04","226.5900","2934935.0000","228.2600","228.8900","224.8100"
"2017/05/03","226.3100","3037741.0000","224.4500","226.6900","224.3200"
"2017/05/02","225.1200","2596900.0000","224.8600","225.8400","223.1756"
"2017/05/01","224.8500","3003471.0000","224.9000","226.3900","220.9300"
"2017/04/28","223.8000","2936365.0000","225.3100","226.7700","223.7200"
"2017/04/27","225.8100","2804411.0000","226.7000","226.7000","223.5200"
"2017/04/26","226.2000","3762285.0000","227.1000","229.3600","226.0900"
"2017/04/25","226.6300","3995888.0000","226.2000","227.9800","225.1500"
"2017/04/24","223.2200","5351941.0000","221.1800","224.8100","220.3000"
"2017/04/21","216.8600","3844401.0000","218.5500","219.1800","216.3800"
"2017/04/20","218.0600","5164665.0000","215.5000","218.9800","215.0000"
"2017/04/19","214.0900","6425227.0000","215.8700","217.1800","213.6100"
"2017/04/18","215.5900","12457820.0000","219.3200","219.8900","213.1800"
"2017/04/17","226.2600","4173675.0000","223.9000","226.8800","223.0200"
"2017/04/13","223.3200","3650504.0000","225.1800","228.1700","223.0800"
"2017/04/12","225.7500","2945885.0000","227.6500","228.2500","225.2300"
"2017/04/11","227.7400","3373397.0000","227.7800","229.4000","225.3900"
"2017/04/10","228.8900","2652251.0000","228.0000","229.7900","226.9500"
"2017/04/07","227.8800","2853086.0000","226.6000","228.8300","226.2300"
"2017/04/06","228.6400","2926025.0000","227.0900","230.1200","225.7100"
"2017/04/05","227.6600","5285393.0000","232.1500","232.8900","227.3100"
"2017/04/04","229.2600","3041362.0000","227.7200","230.6900","227.2800"
"2017/04/03","228.9600","3735257.0000","230.0000","230.1000","225.5700"
"2017/03/31","229.7200","2856785.0000","230.5300","230.8000","228.7300"
"2017/03/30","231.2200","3154479.0000","229.4800","232.0000","229.3800"
"2017/03/29","228.4500","2635325.0000","229.3900","229.9650","227.5200"
"2017/03/28","229.3300","4468277.0000","225.5800","229.7500","225.1000"
"2017/03/27","225.4800","9189675.0000","223.3000","227.0700","220.8500"
"2017/03/24","228.4100","6385332.0000","233.0000","233.7000","226.9700"
"2017/03/23","231.9000","4767091.0000","230.7500","234.6300","229.9500"
"2017/03/22","231.0700","6287258.0000","231.2150","232.9200","229.1587"
"2017/03/21","233.0000","5658233.0000","243.3100","243.3100","232.7900"
"2017/03/20","242.1400","2758997.0000","243.3200","244.9300","241.5200"
"2017/03/17","243.9400","5426392.0000","249.6800","249.6800","243.8600"
"2017/03/16","248.2200","2938753.0000","247.8500","250.2000","247.3100"
"2017/03/15","246.7800","3424809.0000","248.3500","250.2800","245.5600"
"2017/03/14","247.7200","2143471.0000","246.8100","247.8300","245.4100"
"2017/03/13","248.1600","1800123.0000","249.3200","249.3200","247.2083"
"2017/03/10","248.3800","3364003.0000","251.8400","251.9000","246.8700"
"2017/03/09","250.1800","3058569.0000","251.2200","252.7400","249.5200"
"2017/03/08","250.2400","3582149.0000","253.6200","254.7700","249.6100"
"2017/03/07","250.9000","2495518.0000","252.4900","253.0000","250.3100"
"2017/03/06","252.0100","2463809.0000","252.1700","252.7300","250.5000"
"2017/03/03","252.8900","3167794.0000","251.7300","254.7500","251.5000"
"2017/03/02","251.0600","3016447.0000","253.5200","254.2352","250.9700"
"2017/03/01","252.7100","5209587.0000","253.7100","255.1500","251.2600"
"2017/02/28","248.0600","3626273.0000","248.0000","249.0000","245.6100"
"2017/02/27","249.3300","2372851.0000","247.2100","249.7600","246.6100"
"2017/02/24","247.3500","3563636.0000","247.7000","248.8800","246.1000"
"2017/02/23","251.1900","2593237.0000","251.3100","251.9000","249.3220"
"2017/02/22","251.7300","2378496.0000","250.0600","252.3500","250.0000"
"2017/02/21","251.7600","2793939.0000","251.0000","252.6500","250.7100"
"2017/02/17","250.3800","3262253.0000","247.5100","250.5600","247.1100"
"2017/02/16","249.4400","2284692.0000","250.3000","250.7800","248.4400"
"2017/02/15","250.5400","4295449.0000","250.5800","251.9500","248.5100"
"2017/02/14","249.4600","4107945.0000","246.0100","250.0000","245.6900"
"2017/02/13","246.2700","2996355.0000","244.4900","247.4800","244.4900"
"2017/02/10","242.7200","3069187.0000","243.3700","244.1600","241.2300"
"2017/02/09","241.5500","3547860.0000","238.8000","243.2906","237.4200"
"2017/02/08","237.7300","2743173.0000","238.3000","238.9400","236.3100"
"2017/02/07","239.6200","2660079.0000","241.1500","241.4400","239.3900"
"2017/02/06","239.9800","4638430.0000","239.6000","243.6500","239.1700"
"2017/02/03","240.9500","7369537.0000","234.5200","241.1100","234.2000"
"2017/02/02","230.4100","2775557.0000","228.5100","232.3300","227.0500"
"2017/02/01","230.6700","4024025.0000","230.5100","232.8600","229.5200"
"2017/01/31","229.3200","5147219.0000","232.8500","234.3500","228.1600"
"2017/01/30","233.9000","3802128.0000","235.5800","236.2900","231.5200"
"2017/01/27","236.9500","3252245.0000","236.9000","237.9700","236.0100"
"2017/01/26","239.5800","4194098.0000","237.4700","240.7900","237.4700"
"2017/01/25","237.2500","3709718.0000","235.5300","237.3300","234.4850"
"2017/01/24","233.6800","4447422.0000","231.8600","236.0600","230.8400"
"2017/01/23","232.6700","3133419.0000","231.8600","233.7520","230.7500"
"2017/01/20","232.2000","5203429.0000","231.6200","233.2300","230.5400"
"2017/01/19","231.4100","4556118.0000","234.0700","234.7500","230.6200"
"2017/01/18","234.2900","7586188.0000","236.0000","237.6900","231.5200"
"2017/01/17","235.7400","6272195.0000","242.9400","243.0600","235.6100"
"2017/01/13","244.3000","4182852.0000","245.4300","247.7700","242.9100"
"2017/01/12","243.8400","4019508.0000","245.0600","245.4669","241.5700"
"2017/01/11","245.7600","3521799.0000","242.7700","245.8400","242.0000"
"2017/01/10","242.5700","3428394.0000","240.8700","243.4400","239.0500"
"2017/01/09","242.8900","3019223.0000","243.2500","244.6900","241.4700"
"2017/01/06","244.9000","3590754.0000","242.2900","246.2000","241.3700"
"2017/01/05","241.3200","3561750.0000","242.7200","243.2324","236.7800"
"2017/01/04","243.1300","2728477.0000","241.4400","243.3200","240.0300"
"2017/01/03","241.5700","4380495.0000","242.7000","244.9700","237.9700"
"2016/12/30","239.4500","2355074.0000","238.5100","240.5000","237.4000"
"2016/12/29","238.1800","2618305.0000","240.7500","241.0700","236.6400"
"2016/12/28","240.6500","3037785.0000","243.6900","244.5000","240.4400"
"2016/12/27","241.5600","1977011.0000","241.9500","242.5899","240.4000"
"2016/12/23","240.9700","2187209.0000","239.5400","241.9000","238.9100"
"2016/12/22","240.1200","2637008.0000","241.2300","242.8600","239.5500"
"2016/12/21","241.4400","3275883.0000","242.2400","242.4000","240.0800"
"2016/12/20","243.0900","4485812.0000","240.5200","243.6500","240.2300"
"2016/12/19","239.0700","3742478.0000","238.3400","239.7400","236.2600"
"2016/12/16","238.9000","6872961.0000","242.8000","243.1900","238.4000"
"2016/12/15","243.0000","4819944.0000","242.4900","245.5700","241.6200"
"2016/12/14","239.9300","6170975.0000","235.6700","243.1200","235.3700"
"2016/12/13","238.5500","4648798.0000","239.0000","240.1800","235.5050"
"2016/12/12","237.1700","5019275.0000","240.5000","242.8300","236.3700"
"2016/12/09","241.8500","5452116.0000","240.6100","242.0000","238.8800"
"2016/12/08","241.4500","7334387.0000","236.8800","242.4200","236.0000"
"2016/12/07","235.5600","6594081.0000","230.4000","236.0900","230.4000"
"2016/12/06","231.3800","5255158.0000","230.1800","232.6700","227.9000"
"2016/12/05","228.5500","4597035.0000","225.5200","229.2000","225.2400"
"2016/12/02","223.3600","5295583.0000","226.0000","226.2500","221.2200"
"2016/12/01","226.6300","7600820.0000","220.9300","227.1600","220.3500"
"2016/11/30","219.2900","6499086.0000","215.2000","220.7700","214.9700"
"2016/11/29","211.7500","2569376.0000","209.9900","212.9200","209.9200"
"2016/11/28","210.3500","3273228.0000","210.0000","211.7600","209.6000"
"2016/11/25","211.3800","1973959.0000","211.3600","212.7540","211.0010"
"2016/11/23","212.3100","3734285.0000","211.5000","213.4100","209.3700"
"2016/11/22","211.1100","2945586.0000","211.3600","211.9500","209.8900"
"2016/11/21","211.0800","2860209.0000","211.4600","211.6900","209.1800"
"2016/11/18","210.3500","4278000.0000","209.8700","212.0700","209.7200"
"2016/11/17","209.6300","3566860.0000","206.2600","209.6900","205.6700"
"2016/11/16","206.2600","5270141.0000","207.3500","208.0800","204.8300"
"2016/11/15","211.1900","4893279.0000","206.5600","211.2000","205.1700"
"2016/11/14","209.1800","8245530.0000","204.1500","211.7700","204.1500"
"2016/11/11","203.9400","6284810.0000","198.2500","205.0000","198.2500"
"2016/11/10","200.8700","11337910.0000","194.5300","204.6700","194.0000"
"2016/11/09","192.6300","7822931.0000","185.0000","193.5400","183.4500"
"2016/11/08","181.9200","2645536.0000","180.1100","182.6800","178.4600"
"2016/11/07","181.4800","3337773.0000","179.0000","181.5000","179.0000"
"2016/11/04","175.9200","1846443.0000","176.3300","177.3400","174.7300"
"2016/11/03","176.2100","1972746.0000","176.7700","177.9700","176.2100"
"2016/11/02","176.5800","2100722.0000","177.0700","177.5000","176.0700"
"2016/11/01","178.0600","2896619.0000","179.0000","179.1800","176.6100"
"2016/10/31","178.2400","1827988.0000","177.6800","178.5000","177.2300"
"2016/10/28","177.1400","2042625.0000","178.5100","178.5100","175.4600"
"2016/10/27","177.7500","3020673.0000","178.1900","178.8500","176.5700"
"2016/10/26","177.0700","2533594.0000","174.7900","177.9000","173.9300"
"2016/10/25","175.5500","2420440.0000","175.0400","175.9600","174.6410"
"2016/10/24","175.1200","1943125.0000","175.5000","175.7900","174.3500"
"2016/10/21","174.6700","1999345.0000","172.8400","174.9000","172.5100"
"2016/10/20","174.5100","2471135.0000","174.0000","175.7900","173.8000"
"2016/10/19","174.5100","3673996.0000","173.3700","175.6800","173.1800"
"2016/10/18","172.6300","4481802.0000","172.0100","173.4700","171.1000"
"2016/10/17","169.0000","3053551.0000","170.5000","171.2700","168.4500"
"2016/10/14","170.5200","5282125.0000","171.6000","172.9500","169.1100"
"2016/10/13","167.4200","2711995.0000","167.6000","167.6300","165.5100"
"2016/10/12","169.3000","2404234.0000","169.0400","169.9900","168.3010"
"2016/10/11","169.0400","2679937.0000","169.8400","170.8700","167.9100"
"2016/10/10","171.0400","2532001.0000","170.5200","171.7500","170.1000"
"2016/10/07","169.8300","3390036.0000","167.5000","169.9800","166.2400"
"2016/10/06","167.1500","2857999.0000","167.1800","167.2900","164.8200"
"2016/10/05","166.4000","2545950.0000","163.3200","166.5700","163.0050"
"2016/10/04","162.2700","2468812.0000","161.2400","164.1500","161.2300"
"2016/10/03","161.0700","2444718.0000","160.5000","161.7200","160.2500"
"2016/09/30","161.2700","4496677.0000","159.9500","162.4100","157.8000"
"2016/09/29","158.9500","3731220.0000","163.3800","163.9600","157.7700"
"2016/09/28","163.4500","1677707.0000","163.3400","163.7900","161.6800"
"2016/09/27","162.8900","2602386.0000","160.7200","163.4490","159.8200"
"2016/09/26","161.4800","2770215.0000","163.8300","163.9700","161.0000"
"2016/09/23","165.1300","3418441.0000","167.7500","168.1000","165.0500"
"2016/09/22","168.0200","2465420.0000","168.4500","169.3325","167.7000"
"2016/09/21","167.0300","2333587.0000","167.4200","168.2800","165.9300"
"2016/09/20","166.4700","1533157.0000","167.6800","168.2800","166.3900"
"2016/09/19","166.2100","2030742.0000","167.3400","168.3100","165.6800"
"2016/09/16","166.0000","4534909.0000","167.8500","168.0500","165.6100"
"2016/09/15","168.0800","1645830.0000","165.7800","168.7600","165.7600"
"2016/09/14","166.1600","1995701.0000","167.0000","167.8600","165.5900"
"2016/09/13","167.0000","2786284.0000","168.5400","169.9700","166.3800"
"2016/09/12","171.0600","2647875.0000","167.0100","171.6700","166.2300"
"2016/09/09","168.5700","3409450.0000","170.8300","172.4200","168.5100"
"2016/09/08","171.6600","3031325.0000","169.3500","171.8800","168.7100"
"2016/09/07","169.6700","1584147.0000","168.7000","170.2100","168.6500"
"2016/09/06","169.3300","2034845.0000","168.7200","169.7900","167.4650"
"2016/09/02","169.1800","1747492.0000","168.5200","169.7400","167.9000"
"2016/09/01","168.5100","2842824.0000","170.0000","170.0700","166.6600"
"2016/08/31","169.4600","3687039.0000","169.2500","170.2400","167.4700"
"2016/08/30","169.3700","2929153.0000","166.6900","169.5100","166.4412"
"2016/08/29","166.8700","2617797.0000","166.6000","167.8600","166.1500"
"2016/08/26","165.9700","2402214.0000","166.7600","168.0700","165.3600"
"2016/08/25","165.9000","1441312.0000","165.0800","166.0400","164.6100"
"2016/08/24","165.3000","2035311.0000","165.7800","166.7000","164.8500"
"2016/08/23","166.0800","1964718.0000","167.0000","167.8500","165.9800"
"2016/08/22","166.2600","1448111.0000","166.0000","166.9100","164.8900"
"2016/08/19","166.2300","1840848.0000","165.3600","166.9000","164.5000"
"2016/08/18","166.0600","1750624.0000","165.3400","166.5600","164.6300"
"2016/08/17","165.6700","2061908.0000","165.9400","166.3200","164.7400"
"2016/08/16","165.6500","2523756.0000","164.9900","166.7600","164.7200"
"2016/08/15","165.5500","2220948.0000","163.8700","165.8400","163.8000"
"2016/08/12","163.2500","1440837.0000","162.6700","163.3700","162.0700"
"2016/08/11","163.8600","1827689.0000","162.2000","164.2500","161.9300"
"2016/08/10","162.1900","1654092.0000","163.4500","163.6000","162.0100"
"2016/08/09","163.4400","1956938.0000","162.5000","164.5790","162.5000"
"2016/08/08","162.8300","2266612.0000","162.1000","163.9800","162.0100"
"2016/08/05","162.0900","2674933.0000","159.7500","162.1300","159.2000"
"2016/08/04","158.0500","2005699.0000","158.2200","158.9000","157.4100"
"2016/08/03","158.3400","2239536.0000","156.4500","158.9500","156.1800"
"2016/08/02","156.0600","3182583.0000","157.6500","158.4600","155.3700"
"2016/08/01","158.1800","2315900.0000","158.8100","159.9200","157.9300"
"2016/07/29","158.8100","2388134.0000","159.5100","160.1900","158.6500"
"2016/07/28","160.5300","2047009.0000","160.1800","160.9600","158.8400"
"2016/07/27","160.9900","2317541.0000","161.2000","162.1700","160.4100"
"2016/07/26","161.1600","2147776.0000","160.6800","161.5000","159.4200"
"2016/07/25","160.5100","1956049.0000","159.6400","161.3300","159.6100"
"2016/07/22","160.4100","1811645.0000","160.2900","160.7300","159.8600"
"2016/07/21","160.0500","2997147.0000","161.7100","161.9000","159.7700"
"2016/07/20","161.7700","3546594.0000","162.5500","162.8900","159.2200"
"2016/07/19","161.4100","5396515.0000","162.0200","164.0800","160.7300"
"2016/07/18","163.3300","4712592.0000","162.3600","164.0900","162.0100"
"2016/07/15","161.6400","3075690.0000","162.8600","163.1400","160.7000"
"2016/07/14","162.5400","5086898.0000","160.2900","163.2400","160.0100"
"2016/07/13","157.9200","4275670.0000","157.0000","158.2700","156.1500"
"2016/07/12","156.9200","5119289.0000","154.0000","157.2500","153.9200"
"2016/07/11","152.1900","3041961.0000","151.4900","152.9800","151.3800"
"2016/07/08","150.3800","3281203.0000","149.3600","150.9200","148.3100"
"2016/07/07","147.0000","2574665.0000","146.0000","148.0900","145.3600"
"2016/07/06","145.5800","2941364.0000","142.9400","145.9399","142.6241"
"2016/07/05","144.4500","3942189.0000","146.7200","146.9400","143.3300"
"2016/07/01","148.2500","3096562.0000","148.4900","150.7000","148.0700"
"2016/06/30","148.5800","4528448.0000","146.6700","148.8800","145.3700"
"2016/06/29","145.5000","3798911.0000","143.6000","145.5500","142.9301"
"2016/06/28","142.4100","5040223.0000","142.2100","142.6150","139.8200"
"2016/06/27","139.5100","7394904.0000","140.0700","141.2300","138.2000"
"2016/06/24","141.8600","9439995.0000","143.0300","146.4200","140.9200"
"2016/06/23","152.6600","2933050.0000","150.5600","152.8000","150.1400"
"2016/06/22","148.1400","2484556.0000","148.0100","150.1200","147.9900"
"2016/06/21","148.3500","2424718.0000","148.5000","148.8300","147.1200"
"2016/06/20","147.7500","3337283.0000","148.5000","150.5000","147.5800"
"2016/06/17","145.6400","4295925.0000","146.6300","148.2300","145.4600"
"2016/06/16","146.6300","3495569.0000","145.0000","146.9900","143.5300"
"2016/06/15","146.1600","2980242.0000","147.1600","148.7000","145.9000"
"2016/06/14","146.1900","5068844.0000","148.2200","149.0500","145.4500"
"2016/06/13","148.6300","3384655.0000","149.0000","151.3160","148.5900"
"2016/06/10","149.8900","4335516.0000","151.3500","151.6599","149.5700"
"2016/06/09","153.1700","2712012.0000","153.7900","154.2900","152.4611"
"2016/06/08","154.6400","2421894.0000","155.2000","156.5800","153.9100"
"2016/06/07","155.1700","2484438.0000","157.2000","157.4700","155.1700"
"2016/06/06","157.0600","2537889.0000","156.2500","157.9089","155.7700"
"2016/06/03","155.6700","4328303.0000","155.8600","156.5400","153.8600"
"2016/06/02","159.2800","2255102.0000","160.1400","160.3300","158.4624"
"2016/06/01","159.9700","2578436.0000","157.9000","160.5500","156.0000"
"2016/05/31","159.4800","2912924.0000","160.4000","161.6500","158.5500"
"2016/05/27","159.5300","2157794.0000","158.7000","160.4000","158.3230"
"2016/05/26","159.2200","2575824.0000","161.1600","161.3337","159.1700"
"2016/05/25","161.2500","3259910.0000","158.0600","162.2900","158.0300"
"2016/05/24","157.5900","3039318.0000","156.6700","158.5500","156.4400"
"2016/05/23","155.4500","2767409.0000","154.4400","156.0900","153.7401"
"2016/05/20","154.5100","3245839.0000","155.7600","156.4100","153.9220"
"2016/05/19","154.7000","4705158.0000","158.6800","159.9499","154.5200"
"2016/05/18","159.9400","3642880.0000","154.8100","160.0000","154.6500"
"2016/05/17","154.6500","2699449.0000","154.7400","157.1100","153.7700"
"2016/05/16","155.3800","3175567.0000","155.3400","156.9000","154.6000"
"2016/05/13","155.3400","2549753.0000","157.8800","159.7150","155.2600"
"2016/05/12","158.0700","2447686.0000","160.3200","161.4700","157.3100"
"2016/05/11","159.4200","2092923.0000","161.3600","162.5300","159.2800"
"2016/05/10","161.4200","2376166.0000","158.6700","161.5000","158.3900"
"2016/05/09","157.5100","2097224.0000","158.2000","159.8500","156.7900"
"2016/05/06","158.8500","2303629.0000","158.1900","160.1700","157.0100"
"2016/05/05","159.5300","2366521.0000","160.7800","160.8200","158.5000"
"2016/05/04","160.0700","3203793.0000","161.2000","162.5990","159.0900"
"2016/05/03","163.1400","2774817.0000","163.6600","164.1100","161.3700"
"2016/05/02","166.1800","1998336.0000","165.0800","167.1900","163.9900"
"2016/04/29","164.1100","2887929.0000","163.8000","164.6800","162.5600"
"2016/04/28","164.2900","2527216.0000","165.3500","167.3200","164.0100"
"2016/04/27","166.9200","3321272.0000","165.8300","168.6550","164.9300"
"2016/04/26","165.8400","2248469.0000","165.3800","166.0000","164.2200"
"2016/04/25","165.0900","2472929.0000","166.0000","167.3900","164.0600"
"2016/04/22","166.7500","2676985.0000","165.7900","167.4900","165.6600"
"2016/04/21","165.3200","4159409.0000","166.5500","168.9000","165.0100"
"2016/04/20","166.9800","4800277.0000","162.0000","167.4500","161.9400"
"2016/04/19","162.6500","5827614.0000","157.7500","163.7000","157.0000"
"2016/04/18","159.0200","3028573.0000","157.6100","160.0000","157.1500"
"2016/04/15","158.5200","3467626.0000","161.2300","161.7799","158.2000"
"2016/04/14","160.9100","3063075.0000","159.5300","162.2730","159.1500"
"2016/04/13","159.8500","5145509.0000","156.5300","159.9900","156.3800"
"2016/04/12","154.3100","2732851.0000","152.6700","155.0900","151.3000"
"2016/04/11","152.2000","3464249.0000","151.1800","153.9000","150.4100"
"2016/04/08","150.2800","3119791.0000","152.0700","152.8700","150.0100"
"2016/04/07","150.4100","4786405.0000","153.6500","154.0300","149.3700"
"2016/04/06","155.1900","2922098.0000","155.2600","156.2700","153.9200"
"2016/04/05","155.3500","2818421.0000","156.4400","156.5300","154.5500"
"2016/04/04","157.7700","2478141.0000","159.9700","160.0000","157.3900"
"2016/04/01","159.8200","3372045.0000","156.4600","160.0100","155.0850"
"2016/03/31","156.9800","2923091.0000","156.1800","157.4800","156.0600"
"2016/03/30","156.5000","3127066.0000","156.1300","158.0225","154.8920"
"2016/03/29","155.0300","2919290.0000","152.8700","155.3500","151.5000"
"2016/03/28","153.8400","2308573.0000","153.1400","154.6400","152.3800"
"2016/03/24","153.0000","3693369.0000","152.4000","153.0400","150.1300"
"2016/03/23","154.0800","3630183.0000","154.2500","155.5500","153.5900"
"2016/03/22","154.2000","3519232.0000","155.5000","155.5900","153.3600"
"2016/03/21","156.2900","4408131.0000","157.2400","158.9000","155.7500"
"2016/03/18","157.6000","7413169.0000","153.9100","158.1800","153.8700"
"2016/03/17","152.9100","4428127.0000","150.3900","153.9760","148.7500"
"2016/03/16","150.5400","4307794.0000","150.9200","152.8500","149.7100"
"2016/03/15","152.0300","3727792.0000","152.6500","152.7400","150.9007"
"2016/03/14","153.4900","3317894.0000","153.6600","154.4475","152.1300"
"2016/03/11","153.9400","4056016.0000","153.2800","154.1600","152.3700"
"2016/03/10","151.0200","4630175.0000","150.4100","153.6000","148.8400"
"2016/03/09","149.9100","3249855.0000","152.1100","152.5000","149.1800"
"2016/03/08","151.6000","3826277.0000","154.0000","154.2300","151.5000"
"2016/03/07","155.3500","2771869.0000","156.0000","156.3700","154.4100"
"2016/03/04","156.8400","5256663.0000","156.3700","158.8500","155.2900"
"2016/03/03","155.3300","3615575.0000","154.0000","155.6600","153.3600"
"2016/03/02","154.2000","5046669.0000","154.7500","155.4100","153.4500"
"2016/03/01","154.6500","6489550.0000","150.9500","154.7700","150.6800"
"2016/02/29","149.5300","5505338.0000","149.7500","150.2900","148.3200"
"2016/02/26","150.2500","5923562.0000","149.7200","151.9700","149.0101"
"2016/02/25","148.2500","4296374.0000","146.0000","149.0650","145.2300"
"2016/02/24","145.5600","5712638.0000","143.0800","145.6400","140.2600"
"2016/02/23","144.9100","4248486.0000","148.0000","148.0500","144.0500"
"2016/02/22","148.7900","4284900.0000","149.2000","149.9900","148.2300"
"2016/02/19","146.9100","5256679.0000","147.0000","147.7300","145.4300"
"2016/02/18","147.7300","5895468.0000","151.2500","152.0000","147.3700"
"2016/02/17","150.9400","5576727.0000","150.8000","151.8700","150.3100"
"2016/02/16","149.0200","10197010.0000","149.6000","150.4800","147.4500"
"2016/02/12","146.1300","9008473.0000","143.7500","146.5100","143.7000"
"2016/02/11","140.6900","10250490.0000","143.4100","144.4100","139.0500"
"2016/02/10","147.2300","7608766.0000","150.0000","153.3800","147.2100"
"2016/02/09","148.2500","6917135.0000","145.5200","149.9500","145.1000"
"2016/02/08","149.2500","8678076.0000","153.8300","153.8300","145.2500"
"2016/02/05","156.4700","4595530.0000","157.5700","159.7000","155.6900"
"2016/02/04","156.4900","4569809.0000","152.3000","157.9500","152.0100"
"2016/02/03","152.6800","5883610.0000","152.5000","153.8400","147.0100"
"2016/02/02","151.7000","6306226.0000","157.0000","157.0000","150.1550"
"2016/02/01","159.6500","2957041.0000","160.4100","161.0000","158.4500"
"2016/01/29","161.5600","4881327.0000","158.6400","161.5900","157.7800"
"2016/01/28","157.0600","4291885.0000","155.0100","158.0500","152.5300"
"2016/01/27","153.7200","5151866.0000","153.5900","158.4300","153.1900"
"2016/01/26","154.4500","5237676.0000","151.4100","156.1000","151.1900"
"2016/01/25","151.1200","5043926.0000","156.4000","156.5300","151.1200"
"2016/01/22","156.8600","5578673.0000","154.5800","156.9900","153.8600"
"2016/01/21","151.6500","5730886.0000","153.9700","155.1600","151.4900"
"2016/01/20","153.7500","9360593.0000","154.1000","158.3700","151.6500"
"2016/01/19","156.8200","5848324.0000","157.5600","158.7600","155.2848"
"2016/01/15","155.6100","6227425.0000","156.7000","157.9900","153.8100"
"2016/01/14","161.3900","4268032.0000","160.3000","162.5100","156.7600"
"2016/01/13","158.9900","5249362.0000","166.4600","167.1000","157.9200"
"2016/01/12","165.7100","4434511.0000","166.8900","168.1800","163.3000"
"2016/01/11","165.7300","4375689.0000","165.0000","166.4600","163.3400"
"2016/01/08","163.9400","4917930.0000","166.7500","168.4200","163.6300"
"2016/01/07","164.6200","5669345.0000","166.6700","169.5000","163.6000"
"2016/01/06","169.8400","5517525.0000","171.3100","172.0200","169.1000"
"2016/01/05","174.0900","4518473.0000","176.7100","177.5000","172.9200"
"2016/01/04","177.1400","3714539.0000","175.7900","177.1900","173.7600"
"2015/12/31","180.2300","1773329.0000","181.1600","182.8850","180.0300"
"2015/12/30","182.0100","1500000.0000","183.2800","183.5300","181.8400"
"2015/12/29","183.5300","1848845.0000","182.8200","184.1800","182.5003"
"2015/12/28","181.6200","1719700.0000","181.7700","181.9325","179.8400"
"2015/12/24","182.4700","1107633.0000","182.2700","183.1700","182.0200"
"2015/12/23","182.9500","2351087.0000","180.7000","183.0000","180.4600"
"2015/12/22","180.0500","2296991.0000","178.9000","180.6933","177.0500"
"2015/12/21","177.7500","2454154.0000","177.5000","178.1500","175.8300"
"2015/12/18","175.4900","6729182.0000","181.2000","181.9000","175.3900"
"2015/12/17","182.6100","2801023.0000","186.8800","187.8900","182.6100"
"2015/12/16","186.2100","3176924.0000","184.0100","186.8800","181.6800"
"2015/12/15","182.0100","3394398.0000","178.9800","183.2800","178.8500"
"2015/12/14","176.4000","5071124.0000","176.6700","178.6300","172.9000"
"2015/12/11","176.5600","3740089.0000","179.6800","180.1500","175.4700"
"2015/12/10","182.1100","2199104.0000","180.9900","183.9300","180.3100"
"2015/12/09","180.7100","3903891.0000","182.0200","184.8500","179.8267"
"2015/12/08","182.9200","2663499.0000","183.9200","184.4700","181.8400"
"2015/12/07","185.4900","3499815.0000","190.0000","190.1200","185.0000"
"2015/12/04","189.9900","3517116.0000","185.6100","190.6200","184.7500"
"2015/12/03","185.2000","3584308.0000","190.6600","191.6500","184.7300"
"2015/12/02","190.2600","1814415.0000","193.3000","193.8400","189.8041"
"2015/12/01","193.0700","4141335.0000","191.2200","193.1500","190.0100"
"2015/11/30","190.0200","3381893.0000","190.5000","191.0800","189.2400"
"2015/11/27","190.4700","1092728.0000","189.1600","191.1900","188.8501"
"2015/11/25","189.1500","1490682.0000","188.9900","189.7700","188.1500"
"2015/11/24","188.6700","2675114.0000","188.0200","189.7950","186.5600"
"2015/11/23","189.1900","2671611.0000","191.3000","191.4900","188.5200"
"2015/11/20","191.4700","2929198.0000","193.0000","193.4900","191.1100"
"2015/11/19","193.0300","1833040.0000","193.8200","194.2100","191.6700"
"2015/11/18","193.6600","2507473.0000","191.0500","194.0500","191.0100"
"2015/11/17","190.5700","1775674.0000","192.6700","193.0000","190.3200"
"2015/11/16","192.1600","4620119.0000","189.9900","192.1600","188.0100"
"2015/11/13","190.3900","2473675.0000","192.6300","193.3800","190.0600"
"2015/11/12","192.7700","3156408.0000","196.1900","196.1900","192.2600"
"2015/11/11","197.3900","1643435.0000","198.2900","198.9300","196.7300"
"2015/11/10","197.8100","2147437.0000","196.5800","198.2200","195.2750"
"2015/11/09","196.7600","2600366.0000","199.0400","199.9000","196.3200"
"2015/11/06","199.1700","4268415.0000","196.0000","199.4700","195.9000"
"2015/11/05","192.0200","2185840.0000","192.5400","193.2800","191.0000"
"2015/11/04","191.6500","2173829.0000","191.0000","192.8900","190.3100"
"2015/11/03","190.6900","2443164.0000","189.2500","191.8700","189.0500"
"2015/11/02","189.6800","2527913.0000","188.3200","190.4300","187.6750"
"2015/10/30","187.5000","2782370.0000","189.7600","190.0900","187.2400"
"2015/10/29","189.8900","3064889.0000","191.0000","191.9600","189.3300"
"2015/10/28","191.3200","3230709.0000","186.7100","191.4800","186.1700"
"2015/10/27","186.3100","1928827.0000","186.0000","186.8300","184.5000"
"2015/10/26","187.0100","2570012.0000","187.1000","188.0000","186.6200"
"2015/10/23","185.5000","2930470.0000","185.1600","186.3600","184.4300"
"2015/10/22","183.5600","2595631.0000","180.2300","184.1900","180.2000"
"2015/10/21","179.7000","3699099.0000","186.2200","186.2200","179.5500"
"2015/10/20","185.5100","2730949.0000","185.2000","185.9700","183.9000"
"2015/10/19","185.7400","2665324.0000","183.4800","186.5000","183.1500"
"2015/10/16","185.1800","2963073.0000","185.1200","186.6500","183.6300"
"2015/10/15","184.9600","5709087.0000","176.7300","185.7500","175.7600"
"2015/10/14","179.5100","3250029.0000","180.7300","182.2150","179.1400"
"2015/10/13","180.9700","2908029.0000","179.5700","183.1400","179.5000"
"2015/10/12","180.2300","3049464.0000","180.8000","181.2000","179.0100"
"2015/10/09","179.1900","3331997.0000","180.9600","182.2900","178.2100"
"2015/10/08","181.0700","3233207.0000","181.1800","182.4700","179.7500"
"2015/10/07","182.2300","2578844.0000","181.8000","183.7900","180.5400"
"2015/10/06","180.3200","1853547.0000","180.2000","181.2800","179.4700"
"2015/10/05","180.7000","3398498.0000","178.2300","181.0600","177.8300"
"2015/10/02","177.0100","4458977.0000","172.1400","177.1000","169.8700"
"2015/10/01","176.0200","3610399.0000","174.4000","176.1700","173.0400"
"2015/09/30","173.7600","2926011.0000","174.5800","175.0800","172.1600"
"2015/09/29","171.8600","4409910.0000","173.0100","173.3000","167.4900"
"2015/09/28","173.0200","3885215.0000","178.4600","178.4600","172.7500"
"2015/09/25","179.8300","3022834.0000","179.2000","181.1100","178.1600"
"2015/09/24","176.9100","3900653.0000","177.6600","177.9750","174.8201"
"2015/09/23","179.4100","2726114.0000","179.8100","180.1900","177.7500"
"2015/09/22","179.7200","4162002.0000","180.8900","181.0000","178.0100"
"2015/09/21","183.3500","2936198.0000","183.3000","184.4100","181.7000"
"2015/09/18","180.9400","6518374.0000","183.2000","183.3800","180.5500"
"2015/09/17","186.4500","3679801.0000","188.4500","190.5700","186.0000"
"2015/09/16","188.6400","2709197.0000","187.9600","189.3000","186.5900"
"2015/09/15","187.4500","3089521.0000","184.7800","188.0200","184.1900"
"2015/09/14","183.9400","2746031.0000","185.6000","185.8600","183.3000"
"2015/09/11","185.2700","2535306.0000","185.4300","185.8200","183.3200"
"2015/09/10","185.9100","3038401.0000","185.4500","187.8200","184.7700"
"2015/09/09","185.6800","4748481.0000","189.5500","191.7500","185.2600"
"2015/09/08","185.8800","3057081.0000","183.9100","186.3100","183.6500"
"2015/09/04","180.3800","4282955.0000","182.2600","182.8300","179.1310"
"2015/09/03","185.0600","2898722.0000","185.0000","187.8900","184.2800"
"2015/09/02","184.5100","3009960.0000","184.8700","185.8200","182.5100"
"2015/09/01","182.1200","5461345.0000","184.2400","186.4700","181.0800"
"2015/08/31","188.6000","2856584.0000","187.6900","190.2500","187.1800"
"2015/08/28","187.7500","2405662.0000","187.5900","188.8500","186.2600"
"2015/08/27","189.2100","3792300.0000","186.8100","189.8600","185.4287"
"2015/08/26","184.4000","5537032.0000","183.0400","185.0620","179.1100"
"2015/08/25","178.2200","7182620.0000","185.8900","187.3300","177.7100"
"2015/08/24","179.4600","7183154.0000","178.4600","186.8900","172.1000"
"2015/08/21","187.7400","5395889.0000","193.6600","194.6000","187.5800"
"2015/08/20","196.7500","3137416.0000","198.4300","199.2200","196.7500"
"2015/08/19","200.9500","2720811.0000","200.0200","202.7500","199.1400"
"2015/08/18","201.1800","1660139.0000","202.1200","203.1000","201.1800"
"2015/08/17","202.5700","1589251.0000","201.0100","202.8600","199.7800"
"2015/08/14","202.0200","3560250.0000","200.8300","202.5500","200.7400"
"2015/08/13","200.7400","3350073.0000","200.7200","201.9500","199.5800"
"2015/08/12","201.1300","2784933.0000","199.9000","201.5500","196.5800"
"2015/08/11","201.7000","2532151.0000","203.5000","203.9200","200.6600"
"2015/08/10","205.9700","1635337.0000","204.5900","206.5700","204.3400"
"2015/08/07","203.4400","1690513.0000","205.3000","206.6399","202.3200"
"2015/08/06","205.0900","1483959.0000","206.0000","206.7000","204.3000"
"2015/08/05","205.7000","1535537.0000","206.9400","207.7800","204.9300"
"2015/08/04","205.1700","1449579.0000","205.0100","207.1500","204.8000"
"2015/08/03","204.6900","2069825.0000","205.7500","205.9500","202.8400"
"2015/07/31","205.0700","1635459.0000","207.4000","207.4700","204.9000"
"2015/07/30","207.2000","1341102.0000","206.0300","207.3500","205.1020"
"2015/07/29","206.8400","1985468.0000","206.5700","208.1300","205.6700"
"2015/07/28","206.2400","2015906.0000","207.1400","207.1800","204.6000"
"2015/07/27","205.0200","2904034.0000","205.4500","205.8400","203.5000"
"2015/07/24","207.3500","2449929.0000","211.4500","211.4500","206.9000"
"2015/07/23","211.0500","2186669.0000","213.6600","214.6100","210.7000"
"2015/07/22","213.2500","2296041.0000","211.8000","213.7200","211.7500"
"2015/07/21","211.5000","1984190.0000","211.9800","212.7960","210.7500"
"2015/07/20","212.3900","2175307.0000","212.6800","214.0000","211.2100"
"2015/07/17","212.4600","2846778.0000","210.7600","212.8000","209.7850"
"2015/07/16","211.1800","4400486.0000","211.3900","214.1400","209.3200"
"2015/07/15","212.9600","2528602.0000","213.5400","213.6100","211.4250"
"2015/07/14","212.1600","2090061.0000","210.0100","212.7600","209.7000"
"2015/07/13","210.1200","2035157.0000","209.4400","210.3100","208.6500"
"2015/07/10","207.1900","1840497.0000","207.7200","207.9800","206.1800"
"2015/07/09","204.8100","2250143.0000","207.1300","207.5500","204.4400"
"2015/07/08","204.0600","2185031.0000","206.3000","206.7850","203.7004"
"2015/07/07","208.2100","3304051.0000","207.9800","208.9700","203.2000"
"2015/07/06","208.0400","2812951.0000","206.7100","208.5300","206.2600"
"2015/07/02","209.2000","1816322.0000","209.9400","210.6300","208.5010"
"2015/07/01","209.9400","2819981.0000","211.6300","212.4900","208.9450"
"2015/06/30","208.7900","4166533.0000","209.8900","210.7900","208.1500"
"2015/06/29","207.6500","3291685.0000","210.1400","211.2200","207.6500"
"2015/06/26","213.1700","2762601.0000","213.6200","214.6100","212.5500"
"2015/06/25","212.8200","2434409.0000","215.1500","215.8000","212.4900"
"2015/06/24","214.4300","3944237.0000","216.2000","217.0000","213.7000"
"2015/06/23","218.4000","2733299.0000","216.9200","218.7700","216.6400"
"2015/06/22","216.5100","2005879.0000","215.0600","216.8100","215.0000"
"2015/06/19","213.1900","4106508.0000","214.1200","215.0000","213.1900"
"2015/06/18","214.6000","2167088.0000","213.4500","215.0100","212.0100"
"2015/06/17","212.9300","1778162.0000","213.5900","214.5000","212.5710"
"2015/06/16","213.5600","1953185.0000","211.8500","213.5700","211.1300"
"2015/06/15","211.7600","1903731.0000","210.8900","212.3400","210.3800"
"2015/06/12","213.0600","2006235.0000","213.4800","214.0100","212.0100"
"2015/06/11","213.9400","2023111.0000","213.1700","214.6050","212.8700"
"2015/06/10","213.1300","2675331.0000","209.7200","213.4000","209.3600"
"2015/06/09","209.0200","2277498.0000","210.0000","210.4400","207.6200"
"2015/06/08","209.7900","2180358.0000","211.1500","211.7000","209.4501"
"2015/06/05","210.4500","3224281.0000","210.7000","211.9400","208.5500"
"2015/06/04","208.8700","3461448.0000","207.6000","210.0600","207.0000"
"2015/06/03","208.2900","2416800.0000","207.5200","210.1700","206.7700"
"2015/06/02","206.4300","2228101.0000","206.8500","207.8400","205.6540"
"2015/06/01","207.8100","2085596.0000","207.3200","208.8200","206.8900"
"2015/05/29","206.1900","2246550.0000","208.2300","208.2700","205.6200"
"2015/05/28","208.4800","3084915.0000","208.0800","208.5900","207.2800"
"2015/05/27","209.0600","3011357.0000","206.8900","209.6800","205.8700"
"2015/05/26","206.3800","3330880.0000","207.5200","207.5200","205.0000"
"2015/05/22","207.8000","3033432.0000","204.6600","208.2600","204.6300"
"2015/05/21","204.9500","2220222.0000","204.6000","205.2100","204.1750"
"2015/05/20","205.0800","1823346.0000","205.1700","205.9600","204.1500"
"2015/05/19","205.4000","2363268.0000","204.9900","206.2000","204.5500"
"2015/05/18","204.6600","2154575.0000","202.6500","205.1800","202.6400"
"2015/05/15","202.9700","1737787.0000","202.5500","202.9700","201.8150"
"2015/05/14","202.6200","1956448.0000","202.3300","202.8800","201.4300"
"2015/05/13","201.4300","2143123.0000","200.4700","201.7500","199.8500"
"2015/05/12","200.5300","2231103.0000","200.4800","201.0400","198.0700"
"2015/05/11","201.7300","1953779.0000","200.2900","201.9499","200.2900"
"2015/05/08","200.5000","3191257.0000","199.1000","201.3400","199.1000"
"2015/05/07","197.3900","1772213.0000","196.2600","197.9500","194.8100"
"2015/05/06","196.2500","2430227.0000","197.7500","198.5900","194.0100"
"2015/05/05","197.2900","2286553.0000","198.3100","200.3900","196.7200"
"2015/05/04","199.3000","1574241.0000","198.2600","199.7200","197.9000"
"2015/05/01","197.5300","2029500.0000","198.4500","198.5700","196.8300"
"2015/04/30","196.4200","2717033.0000","198.4000","199.7500","195.4000"
"2015/04/29","198.5600","2471090.0000","195.7900","199.7300","195.4800"
"2015/04/28","197.4900","1902770.0000","196.2000","197.6090","194.4000"
"2015/04/27","196.5200","1758712.0000","198.7600","199.3100","196.3700"
"2015/04/24","197.9900","1438549.0000","199.0000","199.1000","197.4500"
"2015/04/23","199.3100","2043846.0000","198.1600","200.4900","197.6000"
"2015/04/22","198.3200","1938116.0000","197.9100","199.1596","196.5700"
"2015/04/21","196.8400","1859343.0000","198.9700","199.5000","196.5800"
"2015/04/20","198.1000","2616515.0000","199.0700","199.6000","197.9200"
"2015/04/17","197.3500","4577698.0000","197.8400","198.2500","195.6500"
"2015/04/16","200.2100","5968878.0000","202.7000","202.8700","198.7000"
"2015/04/15","201.1000","5043636.0000","198.2100","202.1400","197.3900"
"2015/04/14","197.7200","3264238.0000","196.9800","198.4900","195.7100"
"2015/04/13","195.5800","2191979.0000","195.3200","197.3800","194.7700"
"2015/04/10","195.6400","1755954.0000","194.6500","195.8600","194.0900"
"2015/04/09","194.8900","1975662.0000","192.8600","195.0900","192.4100"
"2015/04/08","192.5600","1988951.0000","193.0400","193.8500","192.2000"
"2015/04/07","192.3900","1777983.0000","192.5200","193.6400","192.2400"
"2015/04/06","192.0500","1984842.0000","190.1800","192.6400","188.9500"
"2015/04/02","191.5500","2296301.0000","191.7300","192.7300","190.8500"
"2015/04/01","192.2300","4027180.0000","187.9400","192.3300","186.9600"
"2015/03/31","187.9700","2144431.0000","190.3400","190.5500","187.9700"
"2015/03/30","191.0200","2401616.0000","189.2400","192.0000","189.1900"
"2015/03/27","188.0600","1533839.0000","187.1900","188.4800","186.2700"
"2015/03/26","187.2400","2363394.0000","186.5200","187.9700","185.0200"
"2015/03/25","187.3500","2541159.0000","191.0800","191.2300","187.3500"
"2015/03/24","191.2800","1787931.0000","191.9400","192.5100","191.1600"
"2015/03/23","191.9600","1586512.0000","193.2700","194.2500","191.9600"
"2015/03/20","193.1300","3464541.0000","190.4700","193.9180","189.9000"
"2015/03/19","189.9700","2092145.0000","191.7600","191.7600","189.0900"
"2015/03/18","192.3200","2788375.0000","189.6700","193.0400","189.2000"
"2015/03/17","190.5700","1880463.0000","190.9700","191.2400","188.8000"
"2015/03/16","191.9000","2127659.0000","190.0400","192.4900","189.9000"
"2015/03/13","189.3400","3085881.0000","188.8700","189.7400","186.1600"
"2015/03/12","189.9500","3114352.0000","185.9400","190.0000","185.9400"
"2015/03/11","184.1800","2054154.0000","183.3000","185.8400","183.0100"
"2015/03/10","182.7100","2756629.0000","185.5900","186.1400","182.7100"
"2015/03/09","187.9300","2233639.0000","187.3000","188.7900","186.5700"
"2015/03/06","186.9100","4103533.0000","187.5800","191.4000","186.5800"
"2015/03/05","190.0800","1325389.0000","190.1300","190.7200","189.0700"
"2015/03/04","189.6700","1631613.0000","190.3500","190.8200","188.9800"
"2015/03/03","191.2700","1487567.0000","190.7000","192.8700","190.5700"
"2015/03/02","191.7900","1649847.0000","190.0000","191.9200","189.7800"
"2015/02/27","189.7900","2542822.0000","191.1900","192.5000","189.7900"
"2015/02/26","192.2000","2443990.0000","190.5100","192.4700","190.0000"
"2015/02/25","191.7200","2767098.0000","191.5500","192.4500","190.4600"
"2015/02/24","192.2200","2610095.0000","190.0300","193.2800","189.6800"
"2015/02/23","190.3100","1665754.0000","190.7400","190.7400","189.2700"
"2015/02/20","191.5100","2311189.0000","188.3500","191.6400","187.0500"
"2015/02/19","189.1100","1470272.0000","187.6800","189.8500","187.2700"
"2015/02/18","188.6700","1850021.0000","189.5400","190.0350","187.8200"
"2015/02/17","190.0200","2103078.0000","188.7800","190.6300","188.3100"
"2015/02/13","189.0000","2703086.0000","189.8700","191.3300","188.3400"
"2015/02/12","189.7800","3060868.0000","188.2500","190.0000","187.4000"
"2015/02/11","187.6500","4074027.0000","184.0700","188.1900","183.7500"
"2015/02/10","184.5600","2556334.0000","183.3500","184.8000","182.3500"
"2015/02/09","182.2200","2388879.0000","181.6900","182.9500","181.1500"
"2015/02/06","183.4300","3247286.0000","182.0500","184.6200","181.1400"
"2015/02/05","180.7700","2425600.0000","179.4400","181.6000","179.2300"
"2015/02/04","178.7800","2967431.0000","178.7200","180.7100","178.5300"
"2015/02/03","180.2400","3749500.0000","176.0100","180.4800","175.9100"
"2015/02/02","175.4900","2956774.0000","172.9900","175.6000","172.2600"
"2015/01/30","172.4100","3022391.0000","174.1300","175.6900","172.3200"
"2015/01/29","175.9900","2406161.0000","173.1800","176.3000","173.0700"
"2015/01/28","173.0500","3008983.0000","177.7300","177.9700","172.9700"
"2015/01/27","176.4900","3334545.0000","177.2400","178.6400","176.3000"
"2015/01/26","180.4200","2736479.0000","178.7200","180.9900","178.0600"
"2015/01/23","180.4900","3107324.0000","181.4300","182.9800","180.4200"
"2015/01/22","182.0400","6214745.0000","178.8100","182.5900","177.2500"
"2015/01/21","177.1500","3720699.0000","174.5500","178.3900","172.8200"
"2015/01/20","175.6300","3607021.0000","177.5700","178.3300","174.2300"
"2015/01/16","177.2300","5123000.0000","176.7300","180.1000","174.0600"
"2015/01/15","178.4900","3135632.0000","180.1800","181.6000","177.5000"
"2015/01/14","180.2300","5118043.0000","181.1800","182.5100","178.1000"
"2015/01/13","184.9300","2745032.0000","186.5800","189.3750","183.3700"
"2015/01/12","185.0700","2080174.0000","187.3600","187.5300","184.1100"
"2015/01/09","187.3500","1973491.0000","190.4800","191.3100","186.9600"
"2015/01/08","190.2700","1952919.0000","189.3500","190.8200","189.2500"
"2015/01/07","187.2800","1896444.0000","186.8500","187.9900","185.7700"
"2015/01/06","184.5300","3430659.0000","188.3000","188.6590","183.9300"
"2015/01/05","188.3400","3416343.0000","193.0600","194.0400","187.4800"
"2015/01/02","194.4100","1865195.0000","195.3000","195.7300","192.7001"
"2014/12/31","193.8300","1562270.0000","196.6500","196.8300","193.7700"
"2014/12/30","195.7100","1131714.0000","195.5000","196.5000","194.5770"
"2014/12/29","196.1900","1229873.0000","195.5700","196.9600","194.8200"
"2014/12/26","195.4500","1016252.0000","196.0900","196.4900","195.4000"
"2014/12/24","195.8900","697700.0000","196.6100","196.7500","195.0100"
"2014/12/23","195.5000","2346066.0000","195.3400","196.1000","194.7300"
"2014/12/22","194.4400","3046232.0000","193.9200","194.5000","192.7620"
"2014/12/19","193.2800","4747903.0000","192.2600","195.0000","192.0300"
"2014/12/18","191.6100","4119506.0000","188.0000","191.6600","187.8100"
"2014/12/17","185.0300","4978528.0000","184.1100","186.5000","183.6300"
"2014/12/16","183.3100","4137700.0000","183.9600","186.9300","182.4000"
"2014/12/15","185.5400","4608744.0000","190.2400","190.8100","185.4100"
"2014/12/12","188.8200","3762459.0000","191.7100","192.6350","188.0700"
"2014/12/11","193.5400","3170755.0000","193.0000","194.9400","192.5000"
"2014/12/10","192.0000","6506195.0000","195.4800","195.9900","191.6000"
"2014/12/09","196.8900","4560196.0000","193.6900","197.2200","192.9000"
"2014/12/08","196.6200","2699144.0000","195.4500","198.0600","194.5100"
"2014/12/05","195.4500","3619867.0000","192.7200","196.9300","192.5400"
"2014/12/04","191.9500","3123805.0000","190.7800","192.3400","189.9600"
"2014/12/03","190.9500","3031424.0000","189.7500","191.8200","189.3300"
"2014/12/02","190.1900","3113018.0000","189.3100","190.9400","188.8100"
"2014/12/01","188.2000","2461998.0000","188.0000","188.6200","185.5900"
"2014/11/28","188.4100","1195167.0000","188.4000","189.4900","188.1150"
"2014/11/26","188.5200","2024025.0000","189.9200","189.9200","187.7300"
"2014/11/25","188.8600","3675213.0000","190.5000","190.5000","188.2000"
"2014/11/24","190.0700","2017932.0000","190.1400","190.8900","189.6700"
"2014/11/21","189.5900","2351615.0000","191.5200","191.6550","189.3700"
"2014/11/20","189.7500","2849995.0000","187.8200","189.8600","187.5505"
"2014/11/19","189.1900","2249883.0000","189.7100","189.9900","188.1880"
"2014/11/18","189.6400","1810299.0000","189.6200","190.6600","189.5900"
"2014/11/17","189.9300","1590262.0000","189.5200","191.1900","189.2200"
"2014/11/14","189.9800","1684873.0000","190.3600","190.8400","189.6200"
"2014/11/13","190.2400","1744849.0000","190.8400","191.1900","189.2000"
"2014/11/12","190.1800","2309062.0000","190.6600","190.8900","189.3300"
"2014/11/11","191.8800","1620115.0000","191.8100","192.6800","190.5300"
"2014/11/10","191.8000","1543900.0000","190.5100","191.8700","190.5100"
"2014/11/07","190.7100","1974634.0000","191.2500","191.4750","189.3000"
"2014/11/06","191.0000","1907061.0000","190.3800","191.4400","189.7800"
"2014/11/05","189.8400","3131366.0000","191.5800","191.8700","189.6100"
"2014/11/04","190.2700","2023023.0000","190.4700","190.9700","188.8200"
"2014/11/03","190.8300","2298128.0000","190.3500","191.9800","189.7500"
"2014/10/31","189.9900","3356981.0000","189.2400","190.0000","188.1200"
"2014/10/30","186.9700","2888605.0000","185.4800","187.1000","185.1665"
"2014/10/29","186.0800","3351687.0000","186.0900","187.3100","185.3900"
"2014/10/28","186.3200","3027735.0000","184.1600","186.3200","183.2000"
"2014/10/27","183.9100","2383730.0000","182.8600","184.1600","182.3100"
"2014/10/24","183.3500","2878091.0000","180.2700","183.4900","180.0100"
"2014/10/23","180.0600","3379886.0000","178.8000","181.1000","178.7100"
"2014/10/22","176.8300","3075517.0000","180.5500","180.8000","176.8300"
"2014/10/21","180.1800","2649468.0000","179.2200","180.3600","178.3600"
"2014/10/20","177.8400","2289108.0000","176.2200","178.0000","175.8200"
"2014/10/17","176.9100","4934756.0000","175.8000","177.5400","175.1001"
"2014/10/16","172.5800","7787176.0000","172.0200","176.2900","171.2600"
"2014/10/15","177.2400","6311469.0000","176.4900","177.9499","171.5200"
"2014/10/14","178.7000","3555420.0000","179.4800","181.7900","177.7700"
"2014/10/13","178.7700","3435779.0000","181.0000","183.1900","178.5000"
"2014/10/10","180.3800","4390353.0000","181.5700","182.9500","180.0600"
"2014/10/09","181.2700","4892611.0000","185.8200","186.1700","180.7500"
"2014/10/08","186.6400","3154541.0000","184.0300","187.0000","182.1500"
"2014/10/07","183.8000","2913213.0000","186.5600","186.5600","183.6200"
"2014/10/06","187.4800","1934813.0000","189.0700","189.5000","187.1500"
"2014/10/03","188.0700","3252016.0000","184.6100","188.5400","184.5700"
"2014/10/02","182.8800","2782557.0000","180.6000","183.4300","180.5900"
"2014/10/01","180.7000","4167004.0000","183.1900","183.8500","180.3300"
"2014/09/30","183.5700","2017472.0000","184.4100","184.9900","182.6800"
"2014/09/29","183.8300","1745422.0000","183.1100","184.5600","182.2000"
"2014/09/26","185.1200","1920225.0000","184.7500","185.6000","183.2200"
"2014/09/25","184.0900","3074567.0000","187.4600","187.8000","183.4600"
"2014/09/24","187.8100","2808138.0000","185.2600","188.1200","184.4669"
"2014/09/23","185.0900","1944383.0000","184.5700","186.8600","184.5700"
"2014/09/22","185.2900","1825599.0000","186.0000","186.9500","185.1000"
"2014/09/19","186.2000","5424465.0000","188.2600","188.5800","185.8800"
"2014/09/18","187.8900","3566298.0000","185.8300","188.4300","185.5000"
"2014/09/17","184.8200","2819677.0000","183.8200","185.7700","183.4600"
"2014/09/16","184.0400","2137380.0000","183.9000","184.5600","182.8000"
"2014/09/15","183.9800","2291585.0000","182.9100","184.4000","182.5100"
"2014/09/12","183.1700","3358381.0000","180.6300","183.4700","180.6300"
"2014/09/11","181.0000","1905288.0000","178.7700","181.4400","178.5000"
"2014/09/10","179.8700","2457759.0000","178.3300","180.1800","178.1200"
"2014/09/09","177.4000","2598494.0000","177.9300","178.6400","176.6200"
"2014/09/08","180.1100","1736330.0000","179.5800","180.9200","179.2200"
"2014/09/05","179.7500","2546666.0000","179.5800","179.9050","177.8800"
"2014/09/04","180.0800","1649776.0000","179.9300","181.5998","179.5500"
"2014/09/03","179.6000","2367997.0000","180.4800","182.0700","179.4300"
"2014/09/02","179.7700","1968975.0000","179.2600","180.2190","178.3800"
"2014/08/29","179.1100","2560588.0000","178.3200","179.5000","177.8520"
"2014/08/28","177.6500","1948645.0000","177.0500","177.7500","175.8900"
"2014/08/27","177.8100","2073741.0000","178.3600","178.3600","177.0100"
"2014/08/26","177.9000","3110515.0000","178.4700","179.1500","177.8100"
"2014/08/25","177.8700","3063389.0000","176.7100","179.8600","176.4600"
"2014/08/22","175.4700","2670361.0000","175.3500","176.9800","174.8300"
"2014/08/21","175.1500","2075206.0000","174.2400","175.9200","173.4400"
"2014/08/20","174.0300","1755082.0000","173.2700","174.1800","172.6001"
"2014/08/19","173.9600","1916095.0000","174.9100","175.1000","173.6300"
"2014/08/18","174.5500","1858280.0000","173.2500","174.6300","172.7000"
"2014/08/15","171.9000","2433417.0000","172.8400","174.6000","171.4400"
"2014/08/14","172.7300","1415825.0000","172.8000","173.1000","171.6900"
"2014/08/13","172.3700","1708159.0000","172.4000","172.8900","171.2700"
"2014/08/12","172.3300","1346492.0000","171.7800","173.1100","171.3800"
"2014/08/11","172.4600","2086544.0000","172.7500","173.4098","171.6200"
"2014/08/08","172.2600","2250931.0000","169.3500","172.4900","168.6800"
"2014/08/07","169.1000","1920930.0000","170.3000","171.0700","168.7400"
"2014/08/06","169.7400","1711749.0000","168.1500","170.8500","168.0200"
"2014/08/05","169.4200","2740423.0000","171.3000","171.7700","168.8900"
"2014/08/04","171.6900","2088898.0000","170.5700","171.8900","170.0500"
"2014/08/01","170.2500","3130002.0000","172.3800","172.7600","169.4000"
"2014/07/31","172.8700","3792454.0000","174.4400","175.2700","172.7900"
"2014/07/30","175.7600","2345587.0000","175.9600","177.4800","175.3600"
"2014/07/29","175.5400","3055605.0000","176.1700","177.1099","175.4500"
"2014/07/28","175.9500","2288613.0000","175.0000","176.4599","174.6700"
"2014/07/25","175.4000","2114874.0000","175.9100","176.4600","174.7200"
"2014/07/24","176.2600","1920531.0000","176.8000","177.3200","175.6100"
"2014/07/23","176.8200","3435933.0000","175.2100","177.2200","174.6250"
"2014/07/22","175.0200","3849304.0000","172.3800","175.3800","172.3800"
"2014/07/21","171.7200","2227351.0000","170.1700","172.1000","170.0500"
"2014/07/18","171.4700","2558579.0000","170.4100","171.7900","169.6460"
"2014/07/17","170.1400","3804924.0000","170.2100","171.6000","168.9200"
"2014/07/16","170.4700","3295074.0000","169.2000","170.9900","169.0000"
"2014/07/15","169.1700","4802280.0000","169.7000","170.1493","167.1500"
"2014/07/14","167.0000","2993227.0000","167.1800","167.7200","166.4600"
"2014/07/11","164.8000","2276044.0000","163.0200","165.1400","162.3837"
"2014/07/10","163.4200","2183492.0000","162.2200","163.7800","161.5300"
"2014/07/09","164.6700","1943776.0000","165.2400","165.3299","163.6300"
"2014/07/08","164.9100","2422151.0000","166.7400","166.7800","163.7300"
"2014/07/07","167.7800","1739755.0000","168.9700","168.9700","166.9000"
"2014/07/03","169.4600","1801184.0000","167.8300","169.9000","167.7200"
"2014/07/02","166.8900","1860014.0000","167.0000","167.8130","166.5700"
"2014/07/01","166.8100","2935503.0000","166.3500","168.2700","166.0600"
"2014/06/30","167.4400","1885209.0000","166.8700","167.9100","166.3700"
"2014/06/27","166.7800","3105386.0000","167.2500","167.6500","166.3700"
"2014/06/26","168.0100","2131196.0000","167.0000","168.1100","166.3700"
"2014/06/25","168.3800","1601212.0000","167.8200","169.0200","167.4000"
"2014/06/24","168.2300","1595039.0000","169.5500","170.5500","167.9500"
"2014/06/23","170.2400","1738544.0000","170.1800","170.6200","169.2100"
"2014/06/20","169.8400","4675543.0000","170.3200","171.0800","169.4201"
"2014/06/19","169.7300","2289739.0000","170.0000","170.1600","168.9300"
"2014/06/18","169.8600","2873081.0000","167.8900","170.1000","167.2900"
"2014/06/17","168.2200","2437124.0000","165.6400","168.7500","165.4500"
"2014/06/16","165.8500","1618650.0000","165.5200","166.5300","164.4500"
"2014/06/13","165.8900","1746446.0000","166.1700","167.0700","165.4200"
"2014/06/12","165.9600","2286475.0000","165.7600","166.6500","165.0200"
"2014/06/11","165.4300","1988373.0000","165.0900","166.1600","164.6900"
"2014/06/10","166.3600","1671390.0000","165.8600","167.2600","165.4800"
"2014/06/09","166.0000","2362226.0000","166.0400","166.8600","165.6400"
"2014/06/06","166.1900","3459719.0000","162.9000","166.2600","162.9000"
"2014/06/05","162.5800","1859627.0000","162.7200","163.4300","161.5600"
"2014/06/04","162.3900","2086485.0000","161.4400","162.7300","160.8600"
"2014/06/03","161.8000","2405019.0000","159.8500","161.9300","159.2800"
"2014/06/02","160.0300","2125360.0000","159.7800","160.2000","157.9100"
"2014/05/30","159.8100","2206271.0000","160.4200","160.6400","159.1600"
"2014/05/29","160.7400","1761798.0000","161.1400","162.0000","159.6210"
"2014/05/28","161.1900","1855202.0000","160.9100","161.6100","159.7800"
"2014/05/27","161.7700","3248830.0000","161.1200","163.4300","160.5800"
"2014/05/23","160.1600","1210233.0000","159.9100","160.4800","159.5098"
"2014/05/22","159.8500","1634607.0000","158.9500","160.3000","158.6500"
"2014/05/21","159.3500","4201901.0000","157.1600","159.7500","157.1300"
"2014/05/20","156.3500","2006816.0000","157.4800","157.9100","155.6100"
"2014/05/19","157.6700","1600697.0000","156.2500","157.9900","156.0100"
"2014/05/16","156.4300","2830550.0000","155.6100","156.9700","154.8430"
"2014/05/15","156.6400","2756237.0000","158.6900","158.9600","155.9200"
"2014/05/14","159.4500","2128714.0000","160.2000","160.8900","159.2800"
"2014/05/13","160.2800","1895692.0000","159.5600","160.8990","159.1300"
"2014/05/12","159.5500","2247257.0000","157.9100","159.9500","157.9100"
"2014/05/09","157.2000","2628743.0000","157.5700","157.9000","155.6800"
"2014/05/08","157.4000","2719261.0000","155.7600","158.2200","155.2000"
"2014/05/07","155.5200","3246437.0000","155.4100","156.3100","153.7100"
"2014/05/06","154.5400","3068975.0000","155.8500","155.8500","154.1800"
"2014/05/05","156.3500","3008984.0000","156.5000","156.9000","154.5200"
"2014/05/02","158.8800","2561533.0000","160.4600","161.8400","158.5700"
"2014/05/01","160.3700","2069300.0000","159.8000","161.0000","159.7000"
"2014/04/30","159.8200","2745673.0000","158.3800","160.3600","158.1900"
"2014/04/29","158.2400","2122049.0000","157.0300","158.3800","156.6400"
"2014/04/28","156.5400","3838679.0000","158.6000","158.8299","154.0000"
"2014/04/25","158.2400","3290985.0000","160.4800","160.7700","157.9100"
"2014/04/24","160.8500","2898367.0000","161.0400","162.1100","160.5900"
"2014/04/23","160.4500","2003029.0000","160.2600","160.9400","159.2800"
"2014/04/22","160.4600","4533593.0000","157.6400","160.8100","157.2700"
"2014/04/21","157.8000","4520459.0000","157.5000","158.2700","156.2300"
"2014/04/17","157.4400","4524916.0000","161.0300","161.4400","157.3500"
"2014/04/16","157.2200","3169142.0000","156.3400","157.2900","155.1200"
"2014/04/15","154.9200","3617345.0000","155.0000","156.0200","153.1001"
"2014/04/14","154.7400","3035880.0000","154.8000","155.1275","153.4200"
"2014/04/11","152.7200","6460682.0000","154.4500","154.4900","151.6500"
"2014/04/10","155.9800","4795763.0000","158.4100","158.8800","155.8100"
"2014/04/09","158.1600","3998644.0000","157.1100","159.0000","156.4200"
"2014/04/08","156.5600","6839868.0000","158.7000","158.7600","155.4800"
"2014/04/07","158.5600","4629798.0000","162.9500","163.2000","158.4350"
"2014/04/04","163.2400","3262520.0000","167.0100","167.0400","162.8500"
"2014/04/03","166.0900","2307592.0000","167.3100","167.6700","165.0000"
"2014/04/02","167.2700","2385911.0000","165.9000","167.5400","165.7250"
"2014/04/01","165.9200","3325493.0000","164.7600","166.2900","164.2200"
"2014/03/31","163.8500","2477658.0000","163.2200","164.1400","162.2200"
"2014/03/28","162.3000","2606300.0000","162.2100","164.1900","161.2900"
"2014/03/27","162.2900","3859470.0000","161.8000","163.3100","160.7700"
"2014/03/26","161.7300","2590327.0000","164.7400","165.0000","161.7200"
"2014/03/25","163.2500","4427037.0000","166.5900","167.4200","162.8000"
"2014/03/24","165.7200","2711873.0000","167.1300","167.9800","165.1000"
